age,female,sex,race,subgroup_id,riskfactor,N,Mean,se,LowerCLMean,UpperCLMean,sigma_u_wgt,var,riagendr,meandaych,dayse,effect1,effect2,effect3,effect1se,effect2se,effect3se,Mean_alt,Mean_alt2,Mean_alt3,Mean_alt_se1,Mean_alt_se2,Mean_alt_se3,overweight_rate,overweight_rate_se,hbp,hbp_se,highSBP_RATE,highSBP_RATE_se
1,0,2,1,1,GLwheat,431,30.251301,0.447358,4.91803,5.21999,7.958918019,rfg,1,-4.519442718,0.2410083999,-1.581804951,-1.129860679,-2.259721359,0.0843529399,0.0602521,0.1205041999,29.918319456,30.013457115,29.775612968,0.4633042205,0.4633042205,0.4633042205,60.5649,2.6352,4.6949,0.9914,26.8968,2.3340
1,0,2,1,1,addsug,431,64.892911,1.879850,14.54921,16.35217,38.639024807,add,1,-1.920248095,0.1559372405,-0.672086833,-0.480062024,-0.960124048,0.0545780342,0.0389843101,0.0779686202,64.220824597,64.412849406,63.932787382,1.8814663141,1.8814663141,1.8814663141,60.5649,2.6352,4.6949,0.9914,26.8968,2.3340
1,0,2,1,1,rfg,431,143.706525,2.125142,4.91803,5.21999,37.808239701,rfg,1,-4.519442718,0.2410083999,-1.581804951,-1.129860679,-2.259721359,0.0843529399,0.0602521,0.1205041999,142.12471981,142.57666408,141.4468034,2.1285561338,2.1285561338,2.1285561338,60.5649,2.6352,4.6949,0.9914,26.8968,2.3340
1,0,2,1,1,sodium,431,3239.353576,26.883030,3185.20837,3293.49878,539.88950465,sod,1,-103.4824467,6.7033608833,-36.21885635,-25.87061168,-51.74122336,2.3461763091,1.6758402208,3.3516804416,3203.1347195,3213.4829641,3187.6123524,27.091162419,27.091162419,27.091162419,60.5649,2.6352,4.6949,0.9914,26.8968,2.3340
1,0,2,1,1,wg,431,24.488259,0.957616,0.79575,0.93182,14.118895389,wg,1,4.5194427178,0.2410083999,1.5818049512,1.1298606794,2.2597213589,0.0843529399,0.0602521,0.1205041999,26.070064231,25.618119959,26.747980638,0.9651679205,0.9651679205,0.9651679205,60.5649,2.6352,4.6949,0.9914,26.8968,2.3340
1,0,2,1,1,GLrice,431,5.660600,0.083709,4.91803,5.21999,1.4892665618,rfg,1,-4.519442718,0.2410083999,-1.581804951,-1.129860679,-2.259721359,0.0843529399,0.0602521,0.1205041999,5.5982927134,5.6160947983,5.5715895861,0.1467259983,0.1467259983,0.1467259983,60.5649,2.6352,4.6949,0.9914,26.8968,2.3340
1,0,2,2,2,GLwheat,289,29.098078,0.433225,4.72957,5.02198,7.4263404374,rfg,1,-8.466514039,0.421313497,-2.963279914,-2.11662851,-4.233257019,0.147459724,0.1053283743,0.2106567485,28.474285529,28.652512,28.206945824,0.4817261238,0.4817261238,0.4817261238,71.8750,3.0245,13.8733,2.1072,39.3834,2.8016
1,0,2,2,2,addsug,289,73.432402,2.162822,16.44673,18.52108,38.153494419,add,1,-3.221422542,0.2554139697,-1.12749789,-0.805355636,-1.610711271,0.0893948894,0.0638534924,0.1277069848,72.304904231,72.627046485,71.82169085,2.1665889439,2.1665889439,2.1665889439,71.8750,3.0245,13.8733,2.1072,39.3834,2.8016
1,0,2,2,2,rfg,289,138.228225,2.058002,4.72957,5.02198,35.278270073,rfg,1,-8.466514039,0.421313497,-2.963279914,-2.11662851,-4.233257019,0.147459724,0.1053283743,0.2106567485,135.26494557,136.11159697,133.99496846,2.0687553931,2.0687553931,2.0687553931,71.8750,3.0245,13.8733,2.1072,39.3834,2.8016
1,0,2,2,2,sodium,289,3060.956682,43.572500,2973.19716,3148.71620,658.87982278,sod,1,-209.2665821,11.047651898,-73.24330374,-52.31664553,-104.6332911,3.8666781644,2.7619129746,5.5238259492,2987.7133782,3008.6400364,2956.3233908,43.921241177,43.921241177,43.921241177,71.8750,3.0245,13.8733,2.1072,39.3834,2.8016
1,0,2,2,2,wg,289,17.803620,0.857806,0.56705,0.68894,11.198820298,wg,1,8.4665140386,0.421313497,2.9632799135,2.1166285097,4.2332570193,0.147459724,0.1053283743,0.2106567485,20.766899978,19.920248574,22.036877084,0.8832930705,0.8832930705,0.8832930705,71.8750,3.0245,13.8733,2.1072,39.3834,2.8016
1,0,2,2,2,GLrice,289,5.444810,0.081065,4.72957,5.02198,1.3896110582,rfg,1,-8.466514039,0.421313497,-2.963279914,-2.11662851,-4.233257019,0.147459724,0.1053283743,0.2106567485,5.3280862059,5.3614358047,5.2780618078,0.2257160864,0.2257160864,0.2257160864,71.8750,3.0245,13.8733,2.1072,39.3834,2.8016
1,0,2,3,3,GLwheat,313,35.898294,0.733649,5.76764,6.26284,9.6938407337,rfg,1,-7.974535359,0.399735629,-2.791087376,-1.99363384,-3.987267679,0.1399074702,0.0999339073,0.1998678145,35.310749629,35.478619579,35.058944704,0.7603863507,0.7603863507,0.7603863507,74.3245,2.3548,5.1134,1.4741,25.9414,2.4781
1,0,2,3,3,addsug,313,63.110958,1.363830,14.37240,15.68044,26.177065941,add,1,-3.096634116,0.2457566425,-1.083821941,-0.774158529,-1.548317058,0.0860148249,0.0614391606,0.1228783213,62.027136239,62.336799651,61.562641122,1.3693539315,1.3693539315,1.3693539315,74.3245,2.3548,5.1134,1.4741,25.9414,2.4781
1,0,2,3,3,rfg,313,170.532140,3.485142,5.76764,6.26284,46.049859191,rfg,1,-7.974535359,0.399735629,-2.791087376,-1.99363384,-3.987267679,0.1399074702,0.0999339073,0.1998678145,167.74105259,168.53850613,166.54487229,3.4908686639,3.4908686639,3.4908686639,74.3245,2.3548,5.1134,1.4741,25.9414,2.4781
1,0,2,3,3,sodium,313,3056.959469,44.747063,2966.83426,3147.08468,632.25840562,sod,1,-194.5483988,10.615136887,-68.09193958,-48.6370997,-97.27419941,3.7152979105,2.6537842218,5.3075684436,2988.8675293,3008.3223692,2959.6852695,45.060735699,45.060735699,45.060735699,74.3245,2.3548,5.1134,1.4741,25.9414,2.4781
1,0,2,3,3,wg,313,15.883799,0.815315,0.50235,0.61820,11.349526185,wg,1,7.974535359,0.399735629,2.7910873756,1.9936338397,3.9872676795,0.1399074702,0.0999339073,0.1998678145,18.674885911,17.877432375,19.871066215,0.8394558708,0.8394558708,0.8394558708,74.3245,2.3548,5.1134,1.4741,25.9414,2.4781
1,0,2,3,3,GLrice,313,6.717261,0.137280,5.76764,6.26284,1.8139039535,rfg,1,-7.974535359,0.399735629,-2.791087376,-1.99363384,-3.987267679,0.1399074702,0.0999339073,0.1998678145,6.6073200616,6.6387317564,6.5602025195,0.2424724201,0.2424724201,0.2424724201,74.3245,2.3548,5.1134,1.4741,25.9414,2.4781
1,0,2,4,4,GLwheat,261,32.262881,0.505321,5.23554,5.57662,8.0864671007,rfg,1,-5.389503228,0.2892047643,-1.88632613,-1.347375807,-2.694751614,0.1012216675,0.0723011911,0.1446023822,31.865795487,31.979248573,31.69561586,0.5256039038,0.5256039038,0.5256039038,48.6589,3.3552,4.0046,1.1945,20.6552,2.2187
1,0,2,4,4,addsug,261,51.661014,2.683064,11.01358,13.58690,23.611050222,add,1,-2.304777382,0.187656049,-0.806672084,-0.576194345,-1.152388691,0.0656796172,0.0469140123,0.0938280245,50.854341563,51.084819302,50.508624956,2.6847042102,2.6847042102,2.6847042102,48.6589,3.3552,4.0046,1.1945,20.6552,2.2187
1,0,2,4,4,rfg,261,153.262384,2.400491,5.23554,5.57662,38.414151993,rfg,1,-5.389503228,0.2892047643,-1.88632613,-1.347375807,-2.694751614,0.1012216675,0.0723011911,0.1446023822,151.3760578,151.91500812,150.56763232,2.4048420959,2.4048420959,2.4048420959,48.6589,3.3552,4.0046,1.1945,20.6552,2.2187
1,0,2,4,4,sodium,261,3324.951021,60.158158,3203.78627,3446.11577,693.72435477,sod,1,-122.7955562,8.0648229946,-42.97844467,-30.69888905,-61.39777811,2.8226880481,2.0162057486,4.0324114973,3281.9725766,3294.2521322,3263.5532431,60.293152859,60.293152859,60.293152859,48.6589,3.3552,4.0046,1.1945,20.6552,2.2187
1,0,2,4,4,wg,261,28.044070,1.524749,0.88088,1.09753,17.191446028,wg,1,5.3895032283,0.2892047643,1.8863261299,1.3473758071,2.6947516141,0.1012216675,0.0723011911,0.1446023822,29.930396019,29.391445696,30.738821503,1.5315906594,1.5315906594,1.5315906594,48.6589,3.3552,4.0046,1.1945,20.6552,2.2187
1,0,2,4,4,GLrice,261,6.037005,0.094555,5.23554,5.57662,1.513133447,rfg,1,-5.389503228,0.2892047643,-1.88632613,-1.347375807,-2.694751614,0.1012216675,0.0723011911,0.1446023822,5.9627029168,5.98393217,5.9308590369,0.1727731438,0.1727731438,0.1727731438,48.6589,3.3552,4.0046,1.1945,20.6552,2.2187
1,1,1,1,5,GLwheat,445,40.731828,0.626746,6.61365,7.03669,10.68646618,rfg,2,-4.519442718,0.2410083999,-1.581804951,-1.129860679,-2.259721359,0.0843529399,0.0602521,0.1205041999,40.398846632,40.493984291,40.256140144,0.6382259156,0.6382259156,0.6382259156,65.2618,2.5658,19.2640,2.3952,61.3781,2.0282
1,1,1,1,5,addsug,445,79.817322,2.479335,17.81516,20.19309,47.247080686,add,2,-1.920248095,0.1559372405,-0.672086833,-0.480062024,-0.960124048,0.0545780342,0.0389843101,0.0779686202,79.145234716,79.337259525,78.857197501,2.480560616,2.480560616,2.480560616,65.2618,2.5658,19.2640,2.3952,61.3781,2.0282
1,1,1,1,5,rfg,445,193.493479,2.977312,6.61365,7.03669,50.7652515,rfg,2,-4.519442718,0.2410083999,-1.581804951,-1.129860679,-2.259721359,0.0843529399,0.0602521,0.1205041999,191.91167361,192.36361788,191.2337572,2.97974918,2.97974918,2.97974918,65.2618,2.5658,19.2640,2.3952,61.3781,2.0282
1,1,1,1,5,sodium,445,4316.634468,41.548069,4232.95236,4400.31657,842.86694066,sod,2,-103.4824467,6.7033608833,-36.21885635,-25.87061168,-51.74122336,2.3461763091,1.6758402208,3.3516804416,4280.4156114,4290.763856,4264.8932444,41.683039857,41.683039857,41.683039857,65.2618,2.5658,19.2640,2.3952,61.3781,2.0282
1,1,1,1,5,wg,445,27.902349,1.070195,0.90818,1.06024,17.285154526,wg,2,4.5194427178,0.2410083999,1.5818049512,1.1298606794,2.2597213589,0.0843529399,0.0602521,0.1205041999,29.484154391,29.032210119,30.162070799,1.0769579856,1.0769579856,1.0769579856,65.2618,2.5658,19.2640,2.3952,61.3781,2.0282
1,1,1,1,5,GLrice,445,7.621708,0.117276,6.61365,7.03669,1.9996432566,rfg,2,-4.519442718,0.2410083999,-1.581804951,-1.129860679,-2.259721359,0.0843529399,0.0602521,0.1205041999,7.5594008234,7.5772029083,7.5326976961,0.1681516963,0.1681516963,0.1681516963,65.2618,2.5658,19.2640,2.3952,61.3781,2.0282
1,1,1,2,6,GLwheat,229,37.802141,0.878167,6.03789,6.63063,11.282558765,rfg,2,-8.466514039,0.421313497,-2.963279914,-2.11662851,-4.233257019,0.147459724,0.1053283743,0.2106567485,37.178348733,37.356575204,36.911009028,0.903080459,0.903080459,0.903080459,63.8951,3.6747,27.7064,2.3961,66.7127,3.0823
1,1,1,2,6,addsug,229,86.191530,3.897134,18.65293,22.39066,46.238449846,add,2,-3.221422542,0.2554139697,-1.12749789,-0.805355636,-1.610711271,0.0893948894,0.0638534924,0.1277069848,85.064032444,85.386174698,84.580819063,3.8992256213,3.8992256213,3.8992256213,63.8951,3.6747,27.7064,2.3961,66.7127,3.0823
1,1,1,2,6,rfg,229,179.576221,4.171668,6.03789,6.63063,53.596944361,rfg,2,-8.466514039,0.421313497,-2.963279914,-2.11662851,-4.233257019,0.147459724,0.1053283743,0.2106567485,176.61294127,177.45959267,175.34296416,4.176983556,4.176983556,4.176983556,63.8951,3.6747,27.7064,2.3961,66.7127,3.0823
1,1,1,2,6,sodium,229,3915.112219,59.199295,3795.87872,4034.34572,857.59958869,sod,2,-209.2665821,11.047651898,-73.24330374,-52.31664553,-104.6332911,3.8666781644,2.7619129746,5.5238259492,3841.8689156,3862.7955738,3810.4789282,59.45644784,59.45644784,59.45644784,63.8951,3.6747,27.7064,2.3961,66.7127,3.0823
1,1,1,2,6,wg,229,20.951244,0.992864,0.66848,0.80956,15.370840121,wg,2,8.4665140386,0.421313497,2.9632799135,2.1166285097,4.2332570193,0.147459724,0.1053283743,0.2106567485,23.914524075,23.067872671,25.184501181,1.0149660491,1.0149660491,1.0149660491,63.8951,3.6747,27.7064,2.3961,66.7127,3.0823
1,1,1,2,6,GLrice,229,7.073507,0.164322,6.03789,6.63063,2.1111836384,rfg,2,-8.466514039,0.421313497,-2.963279914,-2.11662851,-4.233257019,0.147459724,0.1053283743,0.2106567485,6.9567837564,6.9901333553,6.9067593583,0.2671665931,0.2671665931,0.2671665931,63.8951,3.6747,27.7064,2.3961,66.7127,3.0823
1,1,1,3,7,GLwheat,279,48.514145,1.259761,7.70404,8.55436,13.66911804,rfg,2,-7.974535359,0.399735629,-2.791087376,-1.99363384,-3.987267679,0.1399074702,0.0999339073,0.1998678145,47.926599984,48.094469935,47.674795059,1.2755176529,1.2755176529,1.2755176529,81.6383,2.2833,22.1975,2.1224,62.8057,2.9928
1,1,1,3,7,addsug,279,83.578695,2.910314,18.50405,21.29533,41.104123642,add,2,-3.096634116,0.2457566425,-1.083821941,-0.774158529,-1.548317058,0.0860148249,0.0614391606,0.1228783213,82.494873454,82.804536866,82.030378337,2.9129067556,2.9129067556,2.9129067556,81.6383,2.2833,22.1975,2.1224,62.8057,2.9928
1,1,1,3,7,rfg,279,230.462785,5.984400,7.70404,8.55436,64.934114178,rfg,2,-7.974535359,0.399735629,-2.791087376,-1.99363384,-3.987267679,0.1399074702,0.0999339073,0.1998678145,227.67169808,228.46915162,226.47551778,5.987736965,5.987736965,5.987736965,81.6383,2.2833,22.1975,2.1224,62.8057,2.9928
1,1,1,3,7,sodium,279,4229.794395,56.089589,4116.82416,4342.76463,855.04943673,sod,2,-194.5483988,10.615136887,-68.09193958,-48.6370997,-97.27419941,3.7152979105,2.6537842218,5.3075684436,4161.7024558,4181.1572956,4132.5201959,56.340148161,56.340148161,56.340148161,81.6383,2.2833,22.1975,2.1224,62.8057,2.9928
1,1,1,3,7,wg,279,18.253414,1.159648,0.56147,0.72625,14.362861588,wg,2,7.974535359,0.399735629,2.7910873756,1.9936338397,3.9872676795,0.1399074702,0.0999339073,0.1998678145,21.044501723,20.247048187,22.240682027,1.1767459956,1.1767459956,1.1767459956,81.6383,2.2833,22.1975,2.1224,62.8057,2.9928
1,1,1,3,7,GLrice,279,9.077929,0.235726,7.70404,8.55436,2.5577547575,rfg,2,-7.974535359,0.399735629,-2.791087376,-1.99363384,-3.987267679,0.1399074702,0.0999339073,0.1998678145,8.9679881875,8.9993998823,8.9208706454,0.3090528556,0.3090528556,0.3090528556,81.6383,2.2833,22.1975,2.1224,62.8057,2.9928
1,1,1,4,8,GLwheat,243,41.733769,0.924343,6.68110,7.30501,10.059219937,rfg,2,-5.389503228,0.2892047643,-1.88632613,-1.347375807,-2.694751614,0.1012216675,0.0723011911,0.1446023822,41.336683076,41.450136161,41.166503448,0.9355849445,0.9355849445,0.9355849445,64.3230,2.7972,16.0359,2.5930,49.1841,3.6602
1,1,1,4,8,addsug,243,65.959213,3.163219,14.18766,17.22149,35.609265238,add,2,-2.304777382,0.187656049,-0.806672084,-0.576194345,-1.152388691,0.0656796172,0.0469140123,0.0938280245,65.152541039,65.383018778,64.806824432,3.1646106639,3.1646106639,3.1646106639,64.3230,2.7972,16.0359,2.5930,49.1841,3.6602
1,1,1,4,8,rfg,243,198.253121,4.391020,6.68110,7.30501,47.785565535,rfg,2,-5.389503228,0.2892047643,-1.88632613,-1.347375807,-2.694751614,0.1012216675,0.0723011911,0.1446023822,196.36679489,196.90574521,195.55836941,4.3934003805,4.3934003805,4.3934003805,64.3230,2.7972,16.0359,2.5930,49.1841,3.6602
1,1,1,4,8,sodium,243,4309.014662,69.515974,4169.00230,4449.02702,791.20153548,sod,2,-122.7955562,8.0648229946,-42.97844467,-30.69888905,-61.39777811,2.8226880481,2.0162057486,4.0324114973,4266.0362174,4278.315773,4247.616884,69.63283002,69.63283002,69.63283002,64.3230,2.7972,16.0359,2.5930,49.1841,3.6602
1,1,1,4,8,wg,243,31.467264,1.841351,0.97914,1.24077,22.924264342,wg,2,5.3895032283,0.2892047643,1.8863261299,1.3473758071,2.6947516141,0.1012216675,0.0723011911,0.1446023822,33.353590438,32.814640115,34.162015922,1.847019671,1.847019671,1.847019671,64.3230,2.7972,16.0359,2.5930,49.1841,3.6602
1,1,1,4,8,GLrice,243,7.809190,0.172962,6.68110,7.30501,1.8822734264,rfg,2,-5.389503228,0.2892047643,-1.88632613,-1.347375807,-2.694751614,0.1012216675,0.0723011911,0.1446023822,7.7348880508,7.756117304,7.703044171,0.2254457787,0.2254457787,0.2254457787,64.3230,2.7972,16.0359,2.5930,49.1841,3.6602
2,0,2,1,9,GLwheat,414,29.487476,0.470966,4.78208,5.09997,7.8930733975,rfg,1,-4.519442718,0.2410083999,-1.581804951,-1.129860679,-2.259721359,0.0843529399,0.0602521,0.1205041999,29.154493714,29.249631373,29.011787226,0.4861376678,0.4861376678,0.4861376678,67.2224,3.0831,10.0175,1.6912,40.7670,2.6344
2,0,2,1,9,addsug,414,61.172638,1.887423,13.65980,15.47002,34.33885158,add,1,-1.920248095,0.1559372405,-0.672086833,-0.480062024,-0.960124048,0.0545780342,0.0389843101,0.0779686202,60.500550798,60.692575607,60.212513583,1.8890324542,1.8890324542,1.8890324542,67.2224,3.0831,10.0175,1.6912,40.7670,2.6344
2,0,2,1,9,rfg,414,140.078028,2.237286,4.78208,5.09997,37.495449794,rfg,1,-4.519442718,0.2410083999,-1.581804951,-1.129860679,-2.259721359,0.0843529399,0.0602521,0.1205041999,138.49622324,138.94816751,137.81830683,2.2405293578,2.2405293578,2.2405293578,67.2224,3.0831,10.0175,1.6912,40.7670,2.6344
2,0,2,1,9,sodium,414,3158.101326,38.411435,3080.73672,3235.46593,588.76041502,sod,1,-103.4824467,6.7033608833,-36.21885635,-25.87061168,-51.74122336,2.3461763091,1.6758402208,3.3516804416,3121.8824692,3132.2307138,3106.3601021,38.55738751,38.55738751,38.55738751,67.2224,3.0831,10.0175,1.6912,40.7670,2.6344
2,0,2,1,9,wg,414,22.765517,0.777226,0.74780,0.85823,13.053475335,wg,1,4.5194427178,0.2410083999,1.5818049512,1.1298606794,2.2597213589,0.0843529399,0.0602521,0.1205041999,24.347322177,23.895377905,25.025238585,0.7865123736,0.7865123736,0.7865123736,67.2224,3.0831,10.0175,1.6912,40.7670,2.6344
2,0,2,1,9,GLrice,414,5.517674,0.088127,4.78208,5.09997,1.4769457674,rfg,1,-4.519442718,0.2410083999,-1.581804951,-1.129860679,-2.259721359,0.0843529399,0.0602521,0.1205041999,5.4553662334,5.4731683183,5.4286631061,0.1492902529,0.1492902529,0.1492902529,67.2224,3.0831,10.0175,1.6912,40.7670,2.6344
2,0,2,2,10,GLwheat,290,29.333047,0.540089,4.73287,5.09742,7.2462786289,rfg,1,-8.466514039,0.421313497,-2.963279914,-2.11662851,-4.233257019,0.147459724,0.1053283743,0.2106567485,28.709254065,28.887480536,28.44191436,0.5797173186,0.5797173186,0.5797173186,83.2879,2.3140,29.1934,3.3262,62.3897,2.7789
2,0,2,2,10,addsug,290,76.124506,2.789876,16.78700,19.46276,34.459026242,add,1,-3.221422542,0.2554139697,-1.12749789,-0.805355636,-1.610711271,0.0893948894,0.0638534924,0.1277069848,74.997008463,75.319150717,74.513795082,2.7927970606,2.7927970606,2.7927970606,83.2879,2.3140,29.1934,3.3262,62.3897,2.7789
2,0,2,2,10,rfg,290,139.344426,2.565651,4.73287,5.09742,34.422900034,rfg,1,-8.466514039,0.421313497,-2.963279914,-2.11662851,-4.233257019,0.147459724,0.1053283743,0.2106567485,136.38114588,137.22779728,135.11116877,2.5742846919,2.5742846919,2.5742846919,83.2879,2.3140,29.1934,3.3262,62.3897,2.7789
2,0,2,2,10,sodium,290,3039.394401,38.161249,2962.53370,3116.25510,596.90130302,sod,1,-209.2665821,11.047651898,-73.24330374,-52.31664553,-104.6332911,3.8666781644,2.7619129746,5.5238259492,2966.1510976,2987.0777558,2934.7611103,38.558962257,38.558962257,38.558962257,83.2879,2.3140,29.1934,3.3262,62.3897,2.7789
2,0,2,2,10,wg,290,18.211800,0.824076,0.58385,0.70094,11.892153242,wg,1,8.4665140386,0.421313497,2.9632799135,2.1166285097,4.2332570193,0.147459724,0.1053283743,0.2106567485,21.175079436,20.328428032,22.445056542,0.8505750774,0.8505750774,0.8505750774,83.2879,2.3140,29.1934,3.3262,62.3897,2.7789
2,0,2,2,10,GLrice,290,5.488777,0.101061,4.73287,5.09742,1.3559180323,rfg,1,-8.466514039,0.421313497,-2.963279914,-2.11662851,-4.233257019,0.147459724,0.1053283743,0.2106567485,5.372053336,5.4054029348,5.3220289379,0.2336441536,0.2336441536,0.2336441536,83.2879,2.3140,29.1934,3.3262,62.3897,2.7789
2,0,2,3,11,GLwheat,386,36.769917,0.779871,5.89810,6.42449,9.9663104977,rfg,1,-7.974535359,0.399735629,-2.791087376,-1.99363384,-3.987267679,0.1399074702,0.0999339073,0.1998678145,36.182372379,36.350242329,35.930567453,0.8050749,0.8050749,0.8050749,76.9046,2.1522,12.3302,1.5218,38.2889,2.6191
2,0,2,3,11,addsug,386,56.433133,1.489875,12.72199,14.15093,27.222763134,add,1,-3.096634116,0.2457566425,-1.083821941,-0.774158529,-1.548317058,0.0860148249,0.0614391606,0.1228783213,55.349310747,55.658974159,54.88481563,1.4949337142,1.4949337142,1.4949337142,76.9046,2.1522,12.3302,1.5218,38.2889,2.6191
2,0,2,3,11,rfg,386,174.672718,3.704717,5.89810,6.42449,47.344206253,rfg,1,-7.974535359,0.399735629,-2.791087376,-1.99363384,-3.987267679,0.1399074702,0.0999339073,0.1998678145,171.88163072,172.67908426,170.68545042,3.7101048397,3.7101048397,3.7101048397,76.9046,2.1522,12.3302,1.5218,38.2889,2.6191
2,0,2,3,11,sodium,386,3078.875587,33.209249,3011.98873,3145.76245,623.45022453,sod,1,-194.5483988,10.615136887,-68.09193958,-48.6370997,-97.27419941,3.7152979105,2.6537842218,5.3075684436,3010.7836478,3030.2384877,2981.601388,33.630707354,33.630707354,33.630707354,76.9046,2.1522,12.3302,1.5218,38.2889,2.6191
2,0,2,3,11,wg,386,17.995395,0.567932,0.59441,0.67511,11.408441793,wg,1,7.974535359,0.399735629,2.7910873756,1.9936338397,3.9872676795,0.1399074702,0.0999339073,0.1998678145,20.78648262,19.989029084,21.982662924,0.6020750049,0.6020750049,0.6020750049,76.9046,2.1522,12.3302,1.5218,38.2889,2.6191
2,0,2,3,11,GLrice,386,6.880358,0.145929,5.89810,6.42449,1.8648882843,rfg,1,-7.974535359,0.399735629,-2.791087376,-1.99363384,-3.987267679,0.1399074702,0.0999339073,0.1998678145,6.770417434,6.8018291288,6.7232998919,0.2474719437,0.2474719437,0.2474719437,76.9046,2.1522,12.3302,1.5218,38.2889,2.6191
2,0,2,4,12,GLwheat,229,31.861752,0.773552,5.07780,5.59993,8.2564894268,rfg,1,-5.389503228,0.2892047643,-1.88632613,-1.347375807,-2.694751614,0.1012216675,0.0723011911,0.1446023822,31.464665982,31.578119067,31.294486354,0.7869513023,0.7869513023,0.7869513023,54.9711,4.2119,17.1915,2.5564,42.0137,3.8534
2,0,2,4,12,addsug,229,54.192812,2.347725,11.77720,14.02890,24.701008695,add,1,-2.304777382,0.187656049,-0.806672084,-0.576194345,-1.152388691,0.0656796172,0.0469140123,0.0938280245,53.386139907,53.616617646,53.0404233,2.3495987544,2.3495987544,2.3495987544,54.9711,4.2119,17.1915,2.5564,42.0137,3.8534
2,0,2,4,12,rfg,229,151.356848,3.674700,5.07780,5.59993,39.221830228,rfg,1,-5.389503228,0.2892047643,-1.88632613,-1.347375807,-2.694751614,0.1012216675,0.0723011911,0.1446023822,149.47052234,150.00947267,148.66209686,3.6775438415,3.6775438415,3.6775438415,54.9711,4.2119,17.1915,2.5564,42.0137,3.8534
2,0,2,4,12,sodium,229,3292.312134,58.247172,3174.99631,3409.62796,703.4507062,sod,1,-122.7955562,8.0648229946,-42.97844467,-30.69888905,-61.39777811,2.8226880481,2.0162057486,4.0324114973,3249.3336894,3261.613245,3230.9143559,58.386585353,58.386585353,58.386585353,54.9711,4.2119,17.1915,2.5564,42.0137,3.8534
2,0,2,4,12,wg,229,24.943505,1.378716,0.78189,0.97779,17.916993858,wg,1,5.3895032283,0.2892047643,1.8863261299,1.3473758071,2.6947516141,0.1012216675,0.0723011911,0.1446023822,26.829831308,26.290880986,27.638256793,1.3862785114,1.3862785114,1.3862785114,54.9711,4.2119,17.1915,2.5564,42.0137,3.8534
2,0,2,4,12,GLrice,229,5.961946,0.144746,5.07780,5.59993,1.5449478927,rfg,1,-5.389503228,0.2892047643,-1.88632613,-1.347375807,-2.694751614,0.1012216675,0.0723011911,0.1446023822,5.8876438751,5.9088731283,5.8557999952,0.20460053,0.20460053,0.20460053,54.9711,4.2119,17.1915,2.5564,42.0137,3.8534
2,1,1,1,13,GLwheat,378,37.498175,0.720679,6.04010,6.52655,9.9668703183,rfg,2,-4.519442718,0.2410083999,-1.581804951,-1.129860679,-2.259721359,0.0843529399,0.0602521,0.1205041999,37.165193001,37.26033066,37.022486513,0.730684441,0.730684441,0.730684441,77.9520,2.5240,27.9337,2.6969,64.9604,3.2145
2,1,1,1,13,addsug,378,87.720841,3.949870,18.99176,22.78007,54.400690851,add,2,-1.920248095,0.1559372405,-0.672086833,-0.480062024,-0.960124048,0.0545780342,0.0389843101,0.0779686202,87.048754429,87.240779238,86.760717214,3.9506391169,3.9506391169,3.9506391169,77.9520,2.5240,27.9337,2.6969,64.9604,3.2145
2,1,1,1,13,rfg,378,178.132251,3.423532,6.04010,6.52655,47.346865638,rfg,2,-4.519442718,0.2410083999,-1.581804951,-1.129860679,-2.259721359,0.0843529399,0.0602521,0.1205041999,176.55044595,177.00239022,175.87252954,3.4256522599,3.4256522599,3.4256522599,77.9520,2.5240,27.9337,2.6969,64.9604,3.2145
2,1,1,1,13,sodium,378,4242.862751,41.413940,4159.45079,4326.27471,766.12946784,sod,2,-103.4824467,6.7033608833,-36.21885635,-25.87061168,-51.74122336,2.3461763091,1.6758402208,3.3516804416,4206.6438945,4216.9921391,4191.1215275,41.54934644,41.54934644,41.54934644,77.9520,2.5240,27.9337,2.6969,64.9604,3.2145
2,1,1,1,13,wg,378,26.673959,1.156342,0.85873,1.02303,16.130636711,wg,2,4.5194427178,0.2410083999,1.5818049512,1.1298606794,2.2597213589,0.0843529399,0.0602521,0.1205041999,28.255764338,27.803820066,28.933680745,1.1626041854,1.1626041854,1.1626041854,77.9520,2.5240,27.9337,2.6969,64.9604,3.2145
2,1,1,1,13,GLrice,378,7.016629,0.134853,6.04010,6.52655,1.8649930375,rfg,2,-4.519442718,0.2410083999,-1.581804951,-1.129860679,-2.259721359,0.0843529399,0.0602521,0.1205041999,6.9543220661,6.9721241509,6.9276189388,0.180849592,0.180849592,0.180849592,77.9520,2.5240,27.9337,2.6969,64.9604,3.2145
2,1,1,2,14,GLwheat,227,37.037436,0.703849,5.96858,6.44366,9.7808789379,rfg,2,-8.466514039,0.421313497,-2.963279914,-2.11662851,-4.233257019,0.147459724,0.1053283743,0.2106567485,36.413643269,36.591869739,36.146303564,0.7346973839,0.7346973839,0.7346973839,79.3842,2.8575,36.1936,2.7440,74.5284,3.2107
2,1,1,2,14,addsug,227,88.633686,3.490049,19.42961,22.77691,41.402413909,add,2,-3.221422542,0.2554139697,-1.12749789,-0.805355636,-1.610711271,0.0893948894,0.0638534924,0.1277069848,87.50618815,87.828330404,87.022974769,3.4923851544,3.4923851544,3.4923851544,79.3842,2.8575,36.1936,2.7440,74.5284,3.2107
2,1,1,2,14,rfg,227,175.943546,3.343583,5.96858,6.44366,46.463327615,rfg,2,-8.466514039,0.421313497,-2.963279914,-2.11662851,-4.233257019,0.147459724,0.1053283743,0.2106567485,172.98026564,173.82691704,171.71028853,3.3502129524,3.3502129524,3.3502129524,79.3842,2.8575,36.1936,2.7440,74.5284,3.2107
2,1,1,2,14,sodium,227,3958.352419,45.479544,3866.75191,4049.95292,794.3107039,sod,2,-209.2665821,11.047651898,-73.24330374,-52.31664553,-104.6332911,3.8666781644,2.7619129746,5.5238259492,3885.1091149,3906.0357731,3853.7191275,45.813770798,45.813770798,45.813770798,79.3842,2.8575,36.1936,2.7440,74.5284,3.2107
2,1,1,2,14,wg,227,20.774155,1.208550,0.64691,0.81863,15.239811496,wg,2,8.4665140386,0.421313497,2.9632799135,2.1166285097,4.2332570193,0.147459724,0.1053283743,0.2106567485,23.737435301,22.890783898,25.007412407,1.2267717779,1.2267717779,1.2267717779,79.3842,2.8575,36.1936,2.7440,74.5284,3.2107
2,1,1,2,14,GLrice,227,6.930416,0.131704,5.96858,6.44366,1.8301904748,rfg,2,-8.466514039,0.421313497,-2.963279914,-2.11662851,-4.233257019,0.147459724,0.1053283743,0.2106567485,6.8136926635,6.8470422623,6.7636682653,0.248439418,0.248439418,0.248439418,79.3842,2.8575,36.1936,2.7440,74.5284,3.2107
2,1,1,3,15,GLwheat,295,48.481228,0.966684,7.79744,8.44993,12.449731934,rfg,2,-7.974535359,0.399735629,-2.791087376,-1.99363384,-3.987267679,0.1399074702,0.0999339073,0.1998678145,47.893682926,48.061552876,47.641878001,0.9871293048,0.9871293048,0.9871293048,89.5278,1.8220,30.2861,3.1125,72.1113,3.2813
2,1,1,3,15,addsug,295,81.809435,2.647108,18.20902,20.74785,42.567393749,add,2,-3.096634116,0.2457566425,-1.083821941,-0.774158529,-1.548317058,0.0860148249,0.0614391606,0.1228783213,80.725612631,81.035276043,80.261117514,2.6499588055,2.6499588055,2.6499588055,89.5278,1.8220,30.2861,3.1125,72.1113,3.2813
2,1,1,3,15,rfg,295,230.306415,4.592157,7.79744,8.44993,59.14151246,rfg,2,-7.974535359,0.399735629,-2.791087376,-1.99363384,-3.987267679,0.1399074702,0.0999339073,0.1998678145,227.51532808,228.31278162,226.31914778,4.5965048118,4.5965048118,4.5965048118,89.5278,1.8220,30.2861,3.1125,72.1113,3.2813
2,1,1,3,15,sodium,295,4161.657763,62.811985,4035.14793,4288.16759,815.21528545,sod,2,-194.5483988,10.615136887,-68.09193958,-48.6370997,-97.27419941,3.7152979105,2.6537842218,5.3075684436,4093.5658229,4113.0206628,4064.3835631,63.035828981,63.035828981,63.035828981,89.5278,1.8220,30.2861,3.1125,72.1113,3.2813
2,1,1,3,15,wg,295,19.939633,0.648625,0.65726,0.74942,14.003022147,wg,2,7.974535359,0.399735629,2.7910873756,1.9936338397,3.9872676795,0.1399074702,0.0999339073,0.1998678145,22.730720306,21.93326677,23.926900609,0.678720758,0.678720758,0.678720758,89.5278,1.8220,30.2861,3.1125,72.1113,3.2813
2,1,1,3,15,GLrice,295,9.071770,0.180885,7.79744,8.44993,2.3295841758,rfg,2,-7.974535359,0.399735629,-2.791087376,-1.99363384,-3.987267679,0.1399074702,0.0999339073,0.1998678145,8.9618287731,8.9932404679,8.914711231,0.2695673479,0.2695673479,0.2695673479,89.5278,1.8220,30.2861,3.1125,72.1113,3.2813
2,1,1,4,16,GLwheat,205,41.890776,1.032321,6.67097,7.36776,10.119092626,rfg,2,-5.389503228,0.2892047643,-1.88632613,-1.347375807,-2.694751614,0.1012216675,0.0723011911,0.1446023822,41.493690016,41.607143101,41.323510388,1.0423992138,1.0423992138,1.0423992138,67.0246,3.7585,32.1898,4.5723,71.4307,3.5847
2,1,1,4,16,addsug,205,64.052347,4.135192,13.26753,17.23358,32.50442331,add,2,-2.304777382,0.187656049,-0.806672084,-0.576194345,-1.152388691,0.0656796172,0.0469140123,0.0938280245,63.245674433,63.476152172,62.899957826,4.1362567363,4.1362567363,4.1362567363,67.0246,3.7585,32.1898,4.5723,71.4307,3.5847
2,1,1,4,16,rfg,205,198.998971,4.903962,6.67097,7.36776,48.06998623,rfg,2,-5.389503228,0.2892047643,-1.88632613,-1.347375807,-2.694751614,0.1012216675,0.0723011911,0.1446023822,197.11264452,197.65159484,196.30421903,4.9060936495,4.9060936495,4.9060936495,67.0246,3.7585,32.1898,4.5723,71.4307,3.5847
2,1,1,4,16,sodium,205,4280.045352,72.555417,4133.91124,4426.17946,796.42637754,sod,2,-122.7955562,8.0648229946,-42.97844467,-30.69888905,-61.39777811,2.8226880481,2.0162057486,4.0324114973,4237.0669075,4249.3464632,4218.6475741,72.667385137,72.667385137,72.667385137,67.0246,3.7585,32.1898,4.5723,71.4307,3.5847
2,1,1,4,16,wg,205,34.048550,2.112240,1.05094,1.35107,24.291467908,wg,2,5.3895032283,0.2892047643,1.8863261299,1.3473758071,2.6947516141,0.1012216675,0.0723011911,0.1446023822,35.93487626,35.395925937,36.743301744,2.1171836189,2.1171836189,2.1171836189,67.0246,3.7585,32.1898,4.5723,71.4307,3.5847
2,1,1,4,16,GLrice,205,7.838569,0.193167,6.67097,7.36776,1.8934767576,rfg,2,-5.389503228,0.2892047643,-1.88632613,-1.347375807,-2.694751614,0.1012216675,0.0723011911,0.1446023822,7.7642670675,7.7854963207,7.7324231877,0.2412951843,0.2412951843,0.2412951843,67.0246,3.7585,32.1898,4.5723,71.4307,3.5847
3,0,2,1,17,GLwheat,448,26.963930,0.536420,4.33713,4.69921,7.6576009576,rfg,1,-4.519442718,0.2410083999,-1.581804951,-1.129860679,-2.259721359,0.0843529399,0.0602521,0.1205041999,26.63094849,26.726086149,26.488242002,0.5497889933,0.5497889933,0.5497889933,66.1573,2.6148,26.5405,3.0232,54.7660,3.6915
3,0,2,1,17,addsug,448,65.243163,2.533486,14.31916,16.74902,33.815678974,add,1,-1.920248095,0.1559372405,-0.672086833,-0.480062024,-0.960124048,0.0545780342,0.0389843101,0.0779686202,64.571075862,64.763100671,64.283038647,2.5346850191,2.5346850191,2.5346850191,66.1573,2.6148,26.5405,3.0232,54.7660,3.6915
3,0,2,1,17,rfg,448,128.090117,2.548224,4.33713,4.69921,36.37685573,rfg,1,-4.519442718,0.2410083999,-1.581804951,-1.129860679,-2.259721359,0.0843529399,0.0602521,0.1205041999,126.50831201,126.96025628,125.8303956,2.5510715919,2.5510715919,2.5510715919,66.1573,2.6148,26.5405,3.0232,54.7660,3.6915
3,0,2,1,17,sodium,448,2971.099095,34.180153,2902.25673,3039.94146,583.72966231,sod,1,-103.4824467,6.7033608833,-36.21885635,-25.87061168,-51.74122336,2.3461763091,1.6758402208,3.3516804416,2934.8802391,2945.2284837,2919.3578721,34.34409143,34.34409143,34.34409143,66.1573,2.6148,26.5405,3.0232,54.7660,3.6915
3,0,2,1,17,wg,448,23.198582,0.831885,0.75919,0.87739,12.414651814,wg,1,4.5194427178,0.2410083999,1.5818049512,1.1298606794,2.2597213589,0.0843529399,0.0602521,0.1205041999,24.780387026,24.328442754,25.458303433,0.8405676609,0.8405676609,0.8405676609,66.1573,2.6148,26.5405,3.0232,54.7660,3.6915
3,0,2,1,17,GLrice,448,5.045470,0.100375,4.33713,4.69921,1.4328843472,rfg,1,-4.519442718,0.2410083999,-1.581804951,-1.129860679,-2.259721359,0.0843529399,0.0602521,0.1205041999,4.98316241,5.0009644949,4.9564592827,0.1568321086,0.1568321086,0.1568321086,66.1573,2.6148,26.5405,3.0232,54.7660,3.6915
3,0,2,2,18,GLwheat,296,25.731107,0.467534,4.15381,4.46938,7.0673590586,rfg,1,-8.466514039,0.421313497,-2.963279914,-2.11662851,-4.233257019,0.147459724,0.1053283743,0.2106567485,25.107314419,25.285540889,24.839974714,0.5128007388,0.5128007388,0.5128007388,85.3732,2.1463,44.3202,2.7566,79.9596,2.3732
3,0,2,2,18,addsug,296,64.970811,1.938404,14.53968,16.39880,29.913257877,add,1,-3.221422542,0.2554139697,-1.12749789,-0.805355636,-1.610711271,0.0893948894,0.0638534924,0.1277069848,63.843313364,64.165455618,63.360099983,1.9426058621,1.9426058621,1.9426058621,85.3732,2.1463,44.3202,2.7566,79.9596,2.3732
3,0,2,2,18,rfg,296,122.233683,2.220986,4.15381,4.46938,33.572956111,rfg,1,-8.466514039,0.421313497,-2.963279914,-2.11662851,-4.233257019,0.147459724,0.1053283743,0.2106567485,119.27040328,120.11705469,118.00042618,2.2309543254,2.2309543254,2.2309543254,85.3732,2.1463,44.3202,2.7566,79.9596,2.3732
3,0,2,2,18,sodium,296,2815.947826,28.447928,2758.65076,2873.24489,578.65000465,sod,1,-209.2665821,11.047651898,-73.24330374,-52.31664553,-104.6332911,3.8666781644,2.7619129746,5.5238259492,2742.7045221,2763.6311803,2711.3145347,28.979255905,28.979255905,28.979255905,85.3732,2.1463,44.3202,2.7566,79.9596,2.3732
3,0,2,2,18,wg,296,19.889489,1.019142,0.62917,0.77397,13.174500833,wg,1,8.4665140386,0.421313497,2.9632799135,2.1166285097,4.2332570193,0.147459724,0.1053283743,0.2106567485,22.85276886,22.006117456,24.122745966,1.0406861187,1.0406861187,1.0406861187,85.3732,2.1463,44.3202,2.7566,79.9596,2.3732
3,0,2,2,18,GLrice,296,4.814785,0.087485,4.15381,4.46938,1.3224387412,rfg,1,-8.466514039,0.421313497,-2.963279914,-2.11662851,-4.233257019,0.147459724,0.1053283743,0.2106567485,4.6980611853,4.7314107841,4.6480367871,0.2281004844,0.2281004844,0.2281004844,85.3732,2.1463,44.3202,2.7566,79.9596,2.3732
3,0,2,3,19,GLwheat,345,32.856586,0.536746,5.32442,5.68671,8.3179310897,rfg,1,-7.974535359,0.399735629,-2.791087376,-1.99363384,-3.987267679,0.1399074702,0.0999339073,0.1998678145,32.269040888,32.436910839,32.017235963,0.5727507583,0.5727507583,0.5727507583,84.5512,2.6285,28.7904,2.8043,65.1260,3.0746
3,0,2,3,19,addsug,345,55.340996,1.896736,12.26685,14.08600,26.724190401,add,1,-3.096634116,0.2457566425,-1.083821941,-0.774158529,-1.548317058,0.0860148249,0.0614391606,0.1228783213,54.25717424,54.566837652,53.792679123,1.9007120965,1.9007120965,1.9007120965,84.5512,2.6285,28.7904,2.8043,65.1260,3.0746
3,0,2,3,19,rfg,345,156.082732,2.549771,5.32442,5.68671,39.513704213,rfg,1,-7.974535359,0.399735629,-2.791087376,-1.99363384,-3.987267679,0.1399074702,0.0999339073,0.1998678145,153.29164466,154.0890982,152.09546436,2.5575929504,2.5575929504,2.5575929504,84.5512,2.6285,28.7904,2.8043,65.1260,3.0746
3,0,2,3,19,sodium,345,2870.298175,33.176571,2803.47713,2937.11922,519.09644538,sod,1,-194.5483988,10.615136887,-68.09193958,-48.6370997,-97.27419941,3.7152979105,2.6537842218,5.3075684436,2802.2062358,2821.6610756,2773.0239759,33.598439209,33.598439209,33.598439209,84.5512,2.6285,28.7904,2.8043,65.1260,3.0746
3,0,2,3,19,wg,345,20.313065,0.668776,0.66900,0.76402,12.425380075,wg,1,7.974535359,0.399735629,2.7910873756,1.9936338397,3.9872676795,0.1399074702,0.0999339073,0.1998678145,23.104152248,22.306698712,24.300332552,0.6980030654,0.6980030654,0.6980030654,84.5512,2.6285,28.7904,2.8043,65.1260,3.0746
3,0,2,3,19,GLrice,345,6.148099,0.100435,5.32442,5.68671,1.556444809,rfg,1,-7.974535359,0.399735629,-2.791087376,-1.99363384,-3.987267679,0.1399074702,0.0999339073,0.1998678145,6.0381578832,6.069569578,5.991040341,0.2236837781,0.2236837781,0.2236837781,84.5512,2.6285,28.7904,2.8043,65.1260,3.0746
3,0,2,4,20,GLwheat,187,28.098591,0.695229,4.47366,4.94293,7.1096408559,rfg,1,-5.389503228,0.2892047643,-1.88632613,-1.347375807,-2.694751614,0.1012216675,0.0723011911,0.1446023822,27.701504785,27.81495787,27.531325157,0.7101074867,0.7101074867,0.7101074867,48.4190,4.6784,28.6408,4.2477,53.9575,3.6729
3,0,2,4,20,addsug,187,46.346338,2.825793,9.67974,12.38995,25.833187938,add,1,-2.304777382,0.187656049,-0.806672084,-0.576194345,-1.152388691,0.0656796172,0.0469140123,0.0938280245,45.5396656,45.770143339,45.193948993,2.8273499813,2.8273499813,2.8273499813,48.4190,4.6784,28.6408,4.2477,53.9575,3.6729
3,0,2,4,20,rfg,187,133.480235,3.302631,4.47366,4.94293,33.7738126,rfg,1,-5.389503228,0.2892047643,-1.88632613,-1.347375807,-2.694751614,0.1012216675,0.0723011911,0.1446023822,131.59390893,132.13285926,130.78548345,3.3057950994,3.3057950994,3.3057950994,48.4190,4.6784,28.6408,4.2477,53.9575,3.6729
3,0,2,4,20,sodium,187,3057.784143,58.949373,2939.05401,3176.51428,610.92981303,sod,1,-122.7955562,8.0648229946,-42.97844467,-30.69888905,-61.39777811,2.8226880481,2.0162057486,4.0324114973,3014.8056985,3027.0852541,2996.386365,59.08712987,59.08712987,59.08712987,48.4190,4.6784,28.6408,4.2477,53.9575,3.6729
3,0,2,4,20,wg,187,29.318259,1.585640,0.92150,1.14680,18.543463893,wg,1,5.3895032283,0.2892047643,1.8863261299,1.3473758071,2.6947516141,0.1012216675,0.0723011911,0.1446023822,31.204585029,30.665634706,32.013010513,1.5922200491,1.5922200491,1.5922200491,48.4190,4.6784,28.6408,4.2477,53.9575,3.6729
3,0,2,4,20,GLrice,187,5.257786,0.130091,4.47366,4.94293,1.3303504783,rfg,1,-5.389503228,0.2892047643,-1.88632613,-1.347375807,-2.694751614,0.1012216675,0.0723011911,0.1446023822,5.1834840728,5.2047133261,5.151640193,0.1945081543,0.1945081543,0.1945081543,48.4190,4.6784,28.6408,4.2477,53.9575,3.6729
3,1,1,1,21,GLwheat,406,35.946616,0.523515,5.84666,6.20002,9.7294520786,rfg,2,-4.519442718,0.2410083999,-1.581804951,-1.129860679,-2.259721359,0.0843529399,0.0602521,0.1205041999,35.613634203,35.708771862,35.470927715,0.5372050588,0.5372050588,0.5372050588,82.9722,2.3099,35.4040,2.7407,72.6362,2.3535
3,1,1,1,21,addsug,406,80.077897,2.117342,18.05080,20.08153,39.599687259,add,2,-1.920248095,0.1559372405,-0.672086833,-0.480062024,-0.960124048,0.0545780342,0.0389843101,0.0779686202,79.405810398,79.597835207,79.117773183,2.1187770713,2.1187770713,2.1187770713,82.9722,2.3099,35.4040,2.7407,72.6362,2.3535
3,1,1,1,21,rfg,406,170.761688,2.486919,5.84666,6.20002,46.219028199,rfg,2,-4.519442718,0.2410083999,-1.581804951,-1.129860679,-2.259721359,0.0843529399,0.0602521,0.1205041999,169.17988292,169.63182719,168.50196651,2.4898365979,2.4898365979,2.4898365979,82.9722,2.3099,35.4040,2.7407,72.6362,2.3535
3,1,1,1,21,sodium,406,4039.729453,34.347752,3970.54953,4108.90938,743.11430852,sod,2,-103.4824467,6.7033608833,-36.21885635,-25.87061168,-51.74122336,2.3461763091,1.6758402208,3.3516804416,4003.5105966,4013.8588412,3987.9882296,34.510894646,34.510894646,34.510894646,82.9722,2.3099,35.4040,2.7407,72.6362,2.3535
3,1,1,1,21,wg,406,29.141224,0.961410,0.95961,1.09621,16.104247373,wg,2,4.5194427178,0.2410083999,1.5818049512,1.1298606794,2.2597213589,0.0843529399,0.0602521,0.1205041999,30.723029286,30.271085014,31.400945693,0.9689324975,0.9689324975,0.9689324975,82.9722,2.3099,35.4040,2.7407,72.6362,2.3535
3,1,1,1,21,GLrice,406,6.726303,0.097960,5.84666,6.20002,1.8205675208,rfg,2,-4.519442718,0.2410083999,-1.581804951,-1.129860679,-2.259721359,0.0843529399,0.0602521,0.1205041999,6.6639955882,6.681797673,6.6372924608,0.1552976853,0.1552976853,0.1552976853,82.9722,2.3099,35.4040,2.7407,72.6362,2.3535
3,1,1,2,22,GLwheat,240,33.857134,0.592372,5.47330,5.87314,8.6615274833,rfg,2,-8.466514039,0.421313497,-2.963279914,-2.11662851,-4.233257019,0.147459724,0.1053283743,0.2106567485,33.233341406,33.411567876,32.9660017,0.6287132013,0.6287132013,0.6287132013,80.0766,2.7319,50.8191,3.2980,77.9602,3.0523
3,1,1,2,22,addsug,240,78.530766,2.263282,17.61245,19.78315,35.519424877,add,2,-3.221422542,0.2554139697,-1.12749789,-0.805355636,-1.610711271,0.0893948894,0.0638534924,0.1277069848,77.403268289,77.725410543,76.920054908,2.2668817322,2.2668817322,2.2668817322,80.0766,2.7319,50.8191,3.2980,77.9602,3.0523
3,1,1,2,22,rfg,240,160.835761,2.814016,5.47330,5.87314,41.145932964,rfg,2,-8.466514039,0.421313497,-2.963279914,-2.11662851,-4.233257019,0.147459724,0.1053283743,0.2106567485,157.87248153,158.71913293,156.60250442,2.8218900941,2.8218900941,2.8218900941,80.0766,2.7319,50.8191,3.2980,77.9602,3.0523
3,1,1,2,22,sodium,240,3731.050466,47.654380,3635.06962,3827.03131,732.2830689,sod,2,-209.2665821,11.047651898,-73.24330374,-52.31664553,-104.6332911,3.8666781644,2.7619129746,5.5238259492,3657.8071621,3678.7338204,3626.4171748,47.9734569,47.9734569,47.9734569,80.0766,2.7319,50.8191,3.2980,77.9602,3.0523
3,1,1,2,22,wg,240,21.440738,0.936585,0.68975,0.82283,15.678266654,wg,2,8.4665140386,0.421313497,2.9632799135,2.1166285097,4.2332570193,0.147459724,0.1053283743,0.2106567485,24.404018128,23.557366724,25.673995233,0.9599832093,0.9599832093,0.9599832093,80.0766,2.7319,50.8191,3.2980,77.9602,3.0523
3,1,1,2,22,GLrice,240,6.335321,0.110844,5.47330,5.87314,1.6207382994,rfg,2,-8.466514039,0.421313497,-2.963279914,-2.11662851,-4.233257019,0.147459724,0.1053283743,0.2106567485,6.2185970475,6.2519466463,6.1685726493,0.2380392409,0.2380392409,0.2380392409,80.0766,2.7319,50.8191,3.2980,77.9602,3.0523
3,1,1,3,23,GLwheat,298,43.258517,1.012203,6.90694,7.59016,11.66224707,rfg,2,-7.974535359,0.399735629,-2.791087376,-1.99363384,-3.987267679,0.1399074702,0.0999339073,0.1998678145,42.670972102,42.838842053,42.419167177,1.0317468689,1.0317468689,1.0317468689,88.3317,1.7931,32.8287,2.3370,69.5153,2.2708
3,1,1,3,23,addsug,298,71.920202,2.633249,15.86109,18.38663,32.781355907,add,2,-3.096634116,0.2457566425,-1.083821941,-0.774158529,-1.548317058,0.0860148249,0.0614391606,0.1228783213,70.836380062,71.146043474,70.371884945,2.636114316,2.636114316,2.636114316,88.3317,1.7931,32.8287,2.3370,69.5153,2.2708
3,1,1,3,23,rfg,298,205.496322,4.808393,6.90694,7.59016,55.400625011,rfg,2,-7.974535359,0.399735629,-2.791087376,-1.99363384,-3.987267679,0.1399074702,0.0999339073,0.1998678145,202.70523427,203.5026878,201.50905396,4.8125450373,4.8125450373,4.8125450373,88.3317,1.7931,32.8287,2.3370,69.5153,2.2708
3,1,1,3,23,sodium,298,3794.395864,74.094100,3645.16269,3943.62904,775.97661444,sod,2,-194.5483988,10.615136887,-68.09193958,-48.6370997,-97.27419941,3.7152979105,2.6537842218,5.3075684436,3726.3039243,3745.7587642,3697.1216645,74.283954539,74.283954539,74.283954539,88.3317,1.7931,32.8287,2.3370,69.5153,2.2708
3,1,1,3,23,wg,298,21.664852,1.116263,0.68489,0.84350,13.752174,wg,2,7.974535359,0.399735629,2.7910873756,1.9936338397,3.9872676795,0.1399074702,0.0999339073,0.1998678145,24.455938981,23.658485445,25.652119284,1.1340147466,1.1340147466,1.1340147466,88.3317,1.7931,32.8287,2.3370,69.5153,2.2708
3,1,1,3,23,GLrice,298,8.094500,0.189403,6.90694,7.59016,2.1822306192,rfg,2,-7.974535359,0.399735629,-2.791087376,-1.99363384,-3.987267679,0.1399074702,0.0999339073,0.1998678145,7.9845591778,8.0159708726,7.9374416356,0.275355202,0.275355202,0.275355202,88.3317,1.7931,32.8287,2.3370,69.5153,2.2708
3,1,1,4,24,GLwheat,211,38.362571,1.692019,5.85713,6.99921,10.290422986,rfg,2,-5.389503228,0.2892047643,-1.88632613,-1.347375807,-2.694751614,0.1012216675,0.0723011911,0.1446023822,37.965485151,38.078938236,37.795305524,1.6981870115,1.6981870115,1.6981870115,67.8981,3.5811,27.3032,3.5704,62.6093,5.6337
3,1,1,4,24,addsug,211,63.125747,6.471088,11.92674,18.13314,36.406858592,add,2,-2.304777382,0.187656049,-0.806672084,-0.576194345,-1.152388691,0.0656796172,0.0469140123,0.0938280245,62.319074818,62.549552557,61.973358211,6.4717686145,6.4717686145,6.4717686145,67.8981,3.5811,27.3032,3.5704,62.6093,5.6337
3,1,1,4,24,rfg,211,182.238500,8.037810,5.85713,6.99921,48.883878178,rfg,2,-5.389503228,0.2892047643,-1.88632613,-1.347375807,-2.694751614,0.1012216675,0.0723011911,0.1446023822,180.35217344,180.89112377,179.54374796,8.0391106187,8.0391106187,8.0391106187,67.8981,3.5811,27.3032,3.5704,62.6093,5.6337
3,1,1,4,24,sodium,211,4142.396527,105.131633,3930.65055,4354.14251,830.82365137,sod,2,-122.7955562,8.0648229946,-42.97844467,-30.69888905,-61.39777811,2.8226880481,2.0162057486,4.0324114973,4099.4180828,4111.6976384,4080.9987494,105.20893799,105.20893799,105.20893799,67.8981,3.5811,27.3032,3.5704,62.6093,5.6337
3,1,1,4,24,wg,211,35.772912,3.029249,1.04662,1.47704,22.656427784,wg,2,5.3895032283,0.2892047643,1.8863261299,1.3473758071,2.6947516141,0.1012216675,0.0723011911,0.1446023822,37.659238565,37.120288243,38.46766405,3.0326980688,3.0326980688,3.0326980688,67.8981,3.5811,27.3032,3.5704,62.6093,5.6337
3,1,1,4,24,GLrice,211,7.178374,0.316609,5.85713,6.99921,1.9255359614,rfg,2,-5.389503228,0.2892047643,-1.88632613,-1.347375807,-2.694751614,0.1012216675,0.0723011911,0.1446023822,7.104072112,7.1253013652,7.0722282321,0.3480679828,0.3480679828,0.3480679828,67.8981,3.5811,27.3032,3.5704,62.6093,5.6337
4,0,2,1,25,GLwheat,457,26.304385,0.473960,4.24770,4.56761,7.2427167708,rfg,1,-4.519442718,0.2410083999,-1.581804951,-1.129860679,-2.259721359,0.0843529399,0.0602521,0.1205041999,25.9714032,26.066540859,25.828696712,0.4890390007,0.4890390007,0.4890390007,71.7141,2.4378,37.0363,2.6589,69.8915,2.5037
4,0,2,1,25,addsug,457,62.164425,2.092395,13.79765,15.80446,32.471597157,add,1,-1.920248095,0.1559372405,-0.672086833,-0.480062024,-0.960124048,0.0545780342,0.0389843101,0.0779686202,61.492338492,61.684363301,61.204301277,2.0938470891,2.0938470891,2.0938470891,71.7141,2.4378,37.0363,2.6589,69.8915,2.5037
4,0,2,1,25,rfg,457,124.956997,2.251510,4.24770,4.56761,34.405979696,rfg,1,-4.519442718,0.2410083999,-1.581804951,-1.129860679,-2.259721359,0.0843529399,0.0602521,0.1205041999,123.37519186,123.82713613,122.69727545,2.2547327051,2.2547327051,2.2547327051,71.7141,2.4378,37.0363,2.6589,69.8915,2.5037
4,0,2,1,25,sodium,457,2987.855710,39.253457,2908.79519,3066.91623,543.19572506,sod,1,-103.4824467,6.7033608833,-36.21885635,-25.87061168,-51.74122336,2.3461763091,1.6758402208,3.3516804416,2951.6368535,2961.9850981,2936.1144864,39.396290104,39.396290104,39.396290104,71.7141,2.4378,37.0363,2.6589,69.8915,2.5037
4,0,2,1,25,wg,457,25.140899,0.875751,0.82459,0.94902,14.215124399,wg,1,4.5194427178,0.2410083999,1.5818049512,1.1298606794,2.2597213589,0.0843529399,0.0602521,0.1205041999,26.722703813,26.270759541,27.400620221,0.8840029979,0.8840029979,0.8840029979,71.7141,2.4378,37.0363,2.6589,69.8915,2.5037
4,0,2,1,25,GLrice,457,4.922056,0.088687,4.24770,4.56761,1.3552515402,rfg,1,-4.519442718,0.2410083999,-1.581804951,-1.129860679,-2.259721359,0.0843529399,0.0602521,0.1205041999,4.8597488074,4.8775508922,4.83304568,0.1496216696,0.1496216696,0.1496216696,71.7141,2.4378,37.0363,2.6589,69.8915,2.5037
4,0,2,2,26,GLwheat,348,25.431692,0.335832,4.14808,4.37476,7.2365773058,rfg,1,-8.466514039,0.421313497,-2.963279914,-2.11662851,-4.233257019,0.147459724,0.1053283743,0.2106567485,24.807899451,24.986125922,24.540559746,0.3964333841,0.3964333841,0.3964333841,84.5881,2.1139,58.6236,2.6981,83.2731,1.9891
4,0,2,2,26,addsug,348,64.315728,1.762993,14.46783,16.15871,31.174283418,add,1,-3.221422542,0.2554139697,-1.12749789,-0.805355636,-1.610711271,0.0893948894,0.0638534924,0.1277069848,63.188230418,63.510372672,62.705017037,1.7676128332,1.7676128332,1.7676128332,84.5881,2.1139,58.6236,2.6981,83.2731,1.9891
4,0,2,2,26,rfg,348,120.811335,1.595345,4.14808,4.37476,34.37681463,rfg,1,-8.466514039,0.421313497,-2.963279914,-2.11662851,-4.233257019,0.147459724,0.1053283743,0.2106567485,117.84805506,118.69470647,116.57807796,1.6091927441,1.6091927441,1.6091927441,84.5881,2.1139,58.6236,2.6981,83.2731,1.9891
4,0,2,2,26,sodium,348,2775.317746,34.022165,2706.79359,2843.84190,586.64482184,sod,1,-209.2665821,11.047651898,-73.24330374,-52.31664553,-104.6332911,3.8666781644,2.7619129746,5.5238259492,2702.0744423,2723.0011005,2670.684455,34.467671471,34.467671471,34.467671471,84.5881,2.1139,58.6236,2.6981,83.2731,1.9891
4,0,2,2,26,wg,348,21.417637,0.873291,0.69343,0.81751,14.463570547,wg,1,8.4665140386,0.421313497,2.9632799135,2.1166285097,4.2332570193,0.147459724,0.1053283743,0.2106567485,24.380916918,23.534265514,25.650894024,0.8983394461,0.8983394461,0.8983394461,84.5881,2.1139,58.6236,2.6981,83.2731,1.9891
4,0,2,2,26,GLrice,348,4.758758,0.062841,4.14808,4.37476,1.3541027283,rfg,1,-8.466514039,0.421313497,-2.963279914,-2.11662851,-4.233257019,0.147459724,0.1053283743,0.2106567485,4.642034889,4.6753844878,4.5920104908,0.2198299585,0.2198299585,0.2198299585,84.5881,2.1139,58.6236,2.6981,83.2731,1.9891
4,0,2,3,27,GLwheat,389,32.096240,0.573868,5.18448,5.57183,8.0623133182,rfg,1,-7.974535359,0.399735629,-2.791087376,-1.99363384,-3.987267679,0.1399074702,0.0999339073,0.1998678145,31.508695444,31.676565394,31.256890519,0.6076776556,0.6076776556,0.6076776556,80.5975,2.0397,46.6989,2.9218,78.0882,2.9802
4,0,2,3,27,addsug,389,53.455961,1.694553,11.91499,13.54023,22.528920102,add,1,-3.096634116,0.2457566425,-1.083821941,-0.774158529,-1.548317058,0.0860148249,0.0614391606,0.1228783213,52.372139428,52.68180284,51.907644311,1.699002588,1.699002588,1.699002588,80.5975,2.0397,46.6989,2.9218,78.0882,2.9802
4,0,2,3,27,rfg,389,152.470768,2.726119,5.18448,5.57183,38.299411272,rfg,1,-7.974535359,0.399735629,-2.791087376,-1.99363384,-3.987267679,0.1399074702,0.0999339073,0.1998678145,149.67968098,150.47713452,148.48350068,2.7334356745,2.7334356745,2.7334356745,80.5975,2.0397,46.6989,2.9218,78.0882,2.9802
4,0,2,3,27,sodium,389,2846.007939,37.193627,2771.09613,2920.91975,571.99627527,sod,1,-194.5483988,10.615136887,-68.09193958,-48.6370997,-97.27419941,3.7152979105,2.6537842218,5.3075684436,2777.9159993,2797.3708392,2748.7337395,37.570416678,37.570416678,37.570416678,80.5975,2.0397,46.6989,2.9218,78.0882,2.9802
4,0,2,3,27,wg,389,21.149022,0.824285,0.68744,0.80456,13.107933723,wg,1,7.974535359,0.399735629,2.7910873756,1.9936338397,3.9872676795,0.1399074702,0.0999339073,0.1998678145,23.940109506,23.14265597,25.13628981,0.8481700023,0.8481700023,0.8481700023,80.5975,2.0397,46.6989,2.9218,78.0882,2.9802
4,0,2,3,27,GLrice,389,6.005824,0.107382,5.18448,5.57183,1.50861381,rfg,1,-7.974535359,0.399735629,-2.791087376,-1.99363384,-3.987267679,0.1399074702,0.0999339073,0.1998678145,5.8958826338,5.9272943286,5.8487650916,0.226887633,0.226887633,0.226887633,80.5975,2.0397,46.6989,2.9218,78.0882,2.9802
4,0,2,4,28,GLwheat,200,27.929365,0.492983,4.51356,4.84632,7.2677651422,rfg,1,-5.389503228,0.2892047643,-1.88632613,-1.347375807,-2.694751614,0.1012216675,0.0723011911,0.1446023822,27.532279581,27.645732666,27.362099953,0.5137532191,0.5137532191,0.5137532191,55.1920,4.5590,36.8409,3.9396,73.0755,4.9297
4,0,2,4,28,addsug,200,43.294289,2.820603,8.95555,11.66078,21.931380905,add,1,-2.304777382,0.187656049,-0.806672084,-0.576194345,-1.152388691,0.0656796172,0.0469140123,0.0938280245,42.487617111,42.71809485,42.141900504,2.822163371,2.822163371,2.822163371,55.1920,4.5590,36.8409,3.9396,73.0755,4.9297
4,0,2,4,28,rfg,200,132.676343,2.341880,4.51356,4.84632,34.524970095,rfg,1,-5.389503228,0.2892047643,-1.88632613,-1.347375807,-2.694751614,0.1012216675,0.0723011911,0.1446023822,130.79001737,131.32896769,129.98159188,2.3463400013,2.3463400013,2.3463400013,55.1920,4.5590,36.8409,3.9396,73.0755,4.9297
4,0,2,4,28,sodium,200,2976.444735,84.952678,2805.34126,3147.54821,613.78919246,sod,1,-122.7955562,8.0648229946,-42.97844467,-30.69888905,-61.39777811,2.8226880481,2.0162057486,4.0324114973,2933.46629,2945.7458456,2915.0469566,85.048326714,85.048326714,85.048326714,55.1920,4.5590,36.8409,3.9396,73.0755,4.9297
4,0,2,4,28,wg,200,28.470313,2.086363,0.85602,1.15247,17.829272876,wg,1,5.3895032283,0.2892047643,1.8863261299,1.3473758071,2.6947516141,0.1012216675,0.0723011911,0.1446023822,30.356639168,29.817688845,31.165064652,2.0913678412,2.0913678412,2.0913678412,55.1920,4.5590,36.8409,3.9396,73.0755,4.9297
4,0,2,4,28,GLrice,200,5.226121,0.092247,4.51356,4.84632,1.359938572,rfg,1,-5.389503228,0.2892047643,-1.88632613,-1.347375807,-2.694751614,0.1012216675,0.0723011911,0.1446023822,5.1518187841,5.1730480373,5.1199749043,0.1715205334,0.1715205334,0.1715205334,55.1920,4.5590,36.8409,3.9396,73.0755,4.9297
4,1,1,1,29,GLwheat,449,35.591728,0.630015,5.75125,6.17650,9.3822933641,rfg,2,-4.519442718,0.2410083999,-1.581804951,-1.129860679,-2.259721359,0.0843529399,0.0602521,0.1205041999,35.258746652,35.353884311,35.116040164,0.6414355329,0.6414355329,0.6414355329,77.4107,2.4828,41.3477,2.4496,73.6303,2.8967
4,1,1,1,29,addsug,449,80.179180,2.784763,17.75485,20.42571,46.189613102,add,2,-1.920248095,0.1559372405,-0.672086833,-0.480062024,-0.960124048,0.0545780342,0.0389843101,0.0779686202,79.507093315,79.699118124,79.2190561,2.785854292,2.785854292,2.785854292,77.4107,2.4828,41.3477,2.4496,73.6303,2.8967
4,1,1,1,29,rfg,449,169.075821,2.992836,5.75125,6.17650,44.569876912,rfg,2,-4.519442718,0.2410083999,-1.581804951,-1.129860679,-2.259721359,0.0843529399,0.0602521,0.1205041999,167.49401637,167.94596065,166.81609997,2.9952614199,2.9952614199,2.9952614199,77.4107,2.4828,41.3477,2.4496,73.6303,2.8967
4,1,1,1,29,sodium,449,4051.481797,47.667413,3955.47470,4147.48889,726.11052553,sod,2,-103.4824467,6.7033608833,-36.21885635,-25.87061168,-51.74122336,2.3461763091,1.6758402208,3.3516804416,4015.2629407,4025.6111854,3999.7405737,47.785102252,47.785102252,47.785102252,77.4107,2.4828,41.3477,2.4496,73.6303,2.8967
4,1,1,1,29,wg,449,30.063117,0.964118,0.99193,1.12892,18.013670762,wg,2,4.5194427178,0.2410083999,1.5818049512,1.1298606794,2.2597213589,0.0843529399,0.0602521,0.1205041999,31.64492153,31.192977258,32.322837937,0.9716199476,0.9716199476,0.9716199476,77.4107,2.4828,41.3477,2.4496,73.6303,2.8967
4,1,1,1,29,GLrice,449,6.659897,0.117888,5.75125,6.17650,1.7556074516,rfg,2,-4.519442718,0.2410083999,-1.581804951,-1.129860679,-2.259721359,0.0843529399,0.0602521,0.1205041999,6.597589305,6.6153913899,6.5708861777,0.1685787699,0.1685787699,0.1685787699,77.4107,2.4828,41.3477,2.4496,73.6303,2.8967
4,1,1,2,30,GLwheat,343,33.712298,0.860869,5.35842,5.93948,9.1454884597,rfg,2,-8.466514039,0.421313497,-2.963279914,-2.11662851,-4.233257019,0.147459724,0.1053283743,0.2106567485,33.088505092,33.266731562,32.821165387,0.8862681698,0.8862681698,0.8862681698,73.5074,2.1883,61.3506,3.0672,84.4077,2.1460
4,1,1,2,30,addsug,343,79.761669,2.614251,17.73721,20.24453,37.454080364,add,2,-3.221422542,0.2554139697,-1.12749789,-0.805355636,-1.610711271,0.0893948894,0.0638534924,0.1277069848,78.634171537,78.956313791,78.150958156,2.6173687568,2.6173687568,2.6173687568,73.5074,2.1883,61.3506,3.0672,84.4077,2.1460
4,1,1,2,30,rfg,343,160.147727,4.089492,5.35842,5.93948,43.444953076,rfg,2,-8.466514039,0.421313497,-2.963279914,-2.11662851,-4.233257019,0.147459724,0.1053283743,0.2106567485,157.18444755,158.03109895,155.91447044,4.0949141071,4.0949141071,4.0949141071,73.5074,2.1883,61.3506,3.0672,84.4077,2.1460
4,1,1,2,30,sodium,343,3730.711724,64.328165,3601.14815,3860.27530,833.88819078,sod,2,-209.2665821,11.047651898,-73.24330374,-52.31664553,-104.6332911,3.8666781644,2.7619129746,5.5238259492,3657.4684201,3678.3950783,3626.0784328,64.564893182,64.564893182,64.564893182,73.5074,2.1883,61.3506,3.0672,84.4077,2.1460
4,1,1,2,30,wg,343,23.806503,0.766929,0.78525,0.89422,15.967056747,wg,2,8.4665140386,0.421313497,2.9632799135,2.1166285097,4.2332570193,0.147459724,0.1053283743,0.2106567485,26.769782509,25.923131105,28.039759615,0.7953337322,0.7953337322,0.7953337322,73.5074,2.1883,61.3506,3.0672,84.4077,2.1460
4,1,1,2,30,GLrice,343,6.308219,0.161085,5.35842,5.93948,1.7112967017,rfg,2,-8.466514039,0.421313497,-2.963279914,-2.11662851,-4.233257019,0.147459724,0.1053283743,0.2106567485,6.1914953889,6.2248449877,6.1414709907,0.2651879948,0.2651879948,0.2651879948,73.5074,2.1883,61.3506,3.0672,84.4077,2.1460
4,1,1,3,31,GLwheat,371,42.654054,0.652287,6.92712,7.36740,10.378891296,rfg,2,-7.974535359,0.399735629,-2.791087376,-1.99363384,-3.987267679,0.1399074702,0.0999339073,0.1998678145,42.066508823,42.234378773,41.814703898,0.6822212186,0.6822212186,0.6822212186,88.0370,1.9339,47.4461,3.0841,78.7983,2.4758
4,1,1,3,31,addsug,371,65.159189,1.875320,14.61479,16.41340,28.344428057,add,2,-3.096634116,0.2457566425,-1.083821941,-0.774158529,-1.548317058,0.0860148249,0.0614391606,0.1228783213,64.075367249,64.385030661,63.610872132,1.87934132,1.87934132,1.87934132,88.0370,1.9339,47.4461,3.0841,78.7983,2.4758
4,1,1,3,31,rfg,371,202.624864,3.098641,6.92712,7.36740,49.304140213,rfg,2,-7.974535359,0.399735629,-2.791087376,-1.99363384,-3.987267679,0.1399074702,0.0999339073,0.1998678145,199.83377705,200.63123059,198.63759675,3.1050805692,3.1050805692,3.1050805692,88.0370,1.9339,47.4461,3.0841,78.7983,2.4758
4,1,1,3,31,sodium,371,3784.326063,47.285639,3689.08790,3879.56423,711.85770668,sod,2,-194.5483988,10.615136887,-68.09193958,-48.6370997,-97.27419941,3.7152979105,2.6537842218,5.3075684436,3716.2341238,3735.6889637,3687.0518639,47.582579704,47.582579704,47.582579704,88.0370,1.9339,47.4461,3.0841,78.7983,2.4758
4,1,1,3,31,wg,371,23.789629,1.582364,0.72672,0.95156,15.270412092,wg,2,7.974535359,0.399735629,2.7910873756,1.9936338397,3.9872676795,0.1399074702,0.0999339073,0.1998678145,26.580716403,25.783262867,27.776896707,1.5949362606,1.5949362606,1.5949362606,88.0370,1.9339,47.4461,3.0841,78.7983,2.4758
4,1,1,3,31,GLrice,371,7.981393,0.122055,6.92712,7.36740,1.942090083,rfg,2,-7.974535359,0.399735629,-2.791087376,-1.99363384,-3.987267679,0.1399074702,0.0999339073,0.1998678145,7.8714524781,7.9028641728,7.8243349359,0.2341894193,0.2341894193,0.2341894193,88.0370,1.9339,47.4461,3.0841,78.7983,2.4758
4,1,1,4,32,GLwheat,183,36.819623,1.292251,5.73350,6.60575,8.2766644533,rfg,2,-5.389503228,0.2892047643,-1.88632613,-1.347375807,-2.694751614,0.1012216675,0.0723011911,0.1446023822,36.422537217,36.535990302,36.25235759,1.3003162122,1.3003162122,1.3003162122,63.3911,5.7564,37.3208,4.6432,79.9742,4.2494
4,1,1,4,32,addsug,183,52.758948,3.518262,10.87448,14.24883,28.472108654,add,2,-2.304777382,0.187656049,-0.806672084,-0.576194345,-1.152388691,0.0656796172,0.0469140123,0.0938280245,51.952276109,52.182753848,51.606559502,3.5195126459,3.5195126459,3.5195126459,63.3911,5.7564,37.3208,4.6432,79.9742,4.2494
4,1,1,4,32,rfg,183,174.908842,6.138740,5.73350,6.60575,39.31767017,rfg,2,-5.389503228,0.2892047643,-1.88632613,-1.347375807,-2.694751614,0.1012216675,0.0723011911,0.1446023822,173.02251567,173.56146599,172.21409019,6.1404433208,6.1404433208,6.1404433208,63.3911,5.7564,37.3208,4.6432,79.9742,4.2494
4,1,1,4,32,sodium,183,4019.452545,69.940486,3878.58517,4160.31992,726.93837013,sod,2,-122.7955562,8.0648229946,-42.97844467,-30.69888905,-61.39777811,2.8226880481,2.0162057486,4.0324114973,3976.4741003,3988.7536559,3958.0547668,70.056633921,70.056633921,70.056633921,63.3911,5.7564,37.3208,4.6432,79.9742,4.2494
4,1,1,4,32,wg,183,40.042860,2.666431,1.22301,1.60188,22.78405777,wg,2,5.3895032283,0.2892047643,1.8863261299,1.3473758071,2.6947516141,0.1012216675,0.0723011911,0.1446023822,41.92918635,41.390236027,42.737611834,2.6703490883,2.6703490883,2.6703490883,63.3911,5.7564,37.3208,4.6432,79.9742,4.2494
4,1,1,4,32,GLrice,183,6.889659,0.241805,5.73350,6.60575,1.548723028,rfg,2,-5.389503228,0.2892047643,-1.88632613,-1.347375807,-2.694751614,0.1012216675,0.0723011911,0.1446023822,6.8153568922,6.8365861454,6.7835130124,0.2817436785,0.2817436785,0.2817436785,63.3911,5.7564,37.3208,4.6432,79.9742,4.2494
5,0,2,1,33,GLwheat,422,24.294201,0.373414,3.94480,4.19684,6.5637116235,rfg,1,-4.519442718,0.2410083999,-1.581804951,-1.129860679,-2.259721359,0.0843529399,0.0602521,0.1205041999,23.961218823,24.056356481,23.818512334,0.3923763662,0.3923763662,0.3923763662,75.3283,2.1805,45.7200,2.2960,81.3185,1.8600
5,0,2,1,33,addsug,422,52.908786,1.454782,11.89969,13.29497,24.800374987,add,1,-1.920248095,0.1559372405,-0.672086833,-0.480062024,-0.960124048,0.0545780342,0.0389843101,0.0779686202,52.236699211,52.42872402,51.948661996,1.4568699269,1.4568699269,1.4568699269,75.3283,2.1805,45.7200,2.2960,81.3185,1.8600
5,0,2,1,33,rfg,422,115.407768,1.773875,3.94480,4.19684,31.180416961,rfg,1,-4.519442718,0.2410083999,-1.581804951,-1.129860679,-2.259721359,0.0843529399,0.0602521,0.1205041999,113.8259626,114.27790687,113.14804619,1.7779630077,1.7779630077,1.7779630077,75.3283,2.1805,45.7200,2.2960,81.3185,1.8600
5,0,2,1,33,sodium,422,2811.587399,23.706107,2763.84085,2859.33395,500.30306692,sod,1,-103.4824467,6.7033608833,-36.21885635,-25.87061168,-51.74122336,2.3461763091,1.6758402208,3.3516804416,2775.3685429,2785.7167876,2759.8461759,23.941872326,23.941872326,23.941872326,75.3283,2.1805,45.7200,2.2960,81.3185,1.8600
5,0,2,1,33,wg,422,28.214707,0.935235,0.92878,1.06167,13.92869777,wg,1,4.5194427178,0.2410083999,1.5818049512,1.1298606794,2.2597213589,0.0843529399,0.0602521,0.1205041999,29.796511531,29.34456726,30.474427939,0.9429663664,0.9429663664,0.9429663664,75.3283,2.1805,45.7200,2.2960,81.3185,1.8600
5,0,2,1,33,GLrice,422,4.545912,0.069873,3.94480,4.19684,1.2281966241,rfg,1,-4.519442718,0.2410083999,-1.581804951,-1.129860679,-2.259721359,0.0843529399,0.0602521,0.1205041999,4.4836046669,4.5014067518,4.4569015396,0.1392964011,0.1392964011,0.1392964011,75.3283,2.1805,45.7200,2.2960,81.3185,1.8600
5,0,2,2,34,GLwheat,191,22.502167,0.393335,3.63779,3.90329,5.6224006357,rfg,1,-8.466514039,0.421313497,-2.963279914,-2.11662851,-4.233257019,0.147459724,0.1053283743,0.2106567485,21.878374324,22.056600794,21.611034618,0.446193507,0.446193507,0.446193507,85.7096,2.4411,62.2624,3.1656,89.1624,2.5150
5,0,2,2,34,addsug,191,57.736124,1.845838,12.86153,14.63187,25.99770262,add,1,-3.221422542,0.2554139697,-1.12749789,-0.805355636,-1.610711271,0.0893948894,0.0638534924,0.1277069848,56.608625781,56.930768035,56.1254124,1.8502509456,1.8502509456,1.8502509456,85.7096,2.4411,62.2624,3.1656,89.1624,2.5150
5,0,2,2,34,rfg,191,106.894847,1.868508,3.63779,3.90329,26.708790118,rfg,1,-8.466514039,0.421313497,-2.963279914,-2.11662851,-4.233257019,0.147459724,0.1053283743,0.2106567485,103.93156692,104.77821833,102.66158982,1.8803452834,1.8803452834,1.8803452834,85.7096,2.4411,62.2624,3.1656,89.1624,2.5150
5,0,2,2,34,sodium,191,2510.995861,34.513919,2441.48126,2580.51046,443.49930515,sod,1,-209.2665821,11.047651898,-73.24330374,-52.31664553,-104.6332911,3.8666781644,2.7619129746,5.5238259492,2437.7525575,2458.6792157,2406.3625701,34.953157822,34.953157822,34.953157822,85.7096,2.4411,62.2624,3.1656,89.1624,2.5150
5,0,2,2,34,wg,191,22.745515,0.955535,0.73443,0.87020,13.505204799,wg,1,8.4665140386,0.421313497,2.9632799135,2.1166285097,4.2332570193,0.147459724,0.1053283743,0.2106567485,25.708795379,24.862143975,26.978772484,0.9784805675,0.9784805675,0.9784805675,85.7096,2.4411,62.2624,3.1656,89.1624,2.5150
5,0,2,2,34,GLrice,191,4.210588,0.073601,3.63779,3.90329,1.0520592427,rfg,1,-8.466514039,0.421313497,-2.963279914,-2.11662851,-4.233257019,0.147459724,0.1053283743,0.2106567485,4.0938644211,4.1272140199,4.0438400229,0.2231441321,0.2231441321,0.2231441321,85.7096,2.4411,62.2624,3.1656,89.1624,2.5150
5,0,2,3,35,GLwheat,287,28.761986,0.670996,4.59300,5.04591,8.0920016859,rfg,1,-7.974535359,0.399735629,-2.791087376,-1.99363384,-3.987267679,0.1399074702,0.0999339073,0.1998678145,28.174441449,28.342311399,27.922636524,0.7001300642,0.7001300642,0.7001300642,85.8539,1.9462,56.6220,2.5681,85.2687,2.0423
5,0,2,3,35,addsug,287,45.270328,1.799355,9.91577,11.64153,22.910923228,add,1,-3.096634116,0.2457566425,-1.083821941,-0.774158529,-1.548317058,0.0860148249,0.0614391606,0.1228783213,44.186505911,44.496169323,43.722010794,1.8035457101,1.8035457101,1.8035457101,85.8539,1.9462,56.6220,2.5681,85.2687,2.0423
5,0,2,3,35,rfg,287,136.631646,3.187514,4.59300,5.04591,38.440443623,rfg,1,-7.974535359,0.399735629,-2.791087376,-1.99363384,-3.987267679,0.1399074702,0.0999339073,0.1998678145,133.84055888,134.63801242,132.64437858,3.1937735625,3.1937735625,3.1937735625,85.8539,1.9462,56.6220,2.5681,85.2687,2.0423
5,0,2,3,35,sodium,287,2563.513454,34.698322,2493.62745,2633.39946,535.59356123,sod,1,-194.5483988,10.615136887,-68.09193958,-48.6370997,-97.27419941,3.7152979105,2.6537842218,5.3075684436,2495.4215147,2514.8763546,2466.2392549,35.101906884,35.101906884,35.101906884,85.8539,1.9462,56.6220,2.5681,85.2687,2.0423
5,0,2,3,35,wg,287,21.896895,0.814455,0.71451,0.83024,13.626390622,wg,1,7.974535359,0.399735629,2.7910873756,1.9936338397,3.9872676795,0.1399074702,0.0999339073,0.1998678145,24.687982744,23.890529208,25.884163048,0.8386203534,0.8386203534,0.8386203534,85.8539,1.9462,56.6220,2.5681,85.2687,2.0423
5,0,2,3,35,GLrice,287,5.381921,0.125556,4.59300,5.04591,1.5141690743,rfg,1,-7.974535359,0.399735629,-2.791087376,-1.99363384,-3.987267679,0.1399074702,0.0999339073,0.1998678145,5.2719796144,5.3033913091,5.2248620722,0.2360328196,0.2360328196,0.2360328196,85.8539,1.9462,56.6220,2.5681,85.2687,2.0423
5,0,2,4,36,GLwheat,127,25.433994,0.612617,4.05506,4.46856,6.4789332636,rfg,1,-5.389503228,0.2892047643,-1.88632613,-1.347375807,-2.694751614,0.1012216675,0.0723011911,0.1446023822,25.036907818,25.150360903,24.866728191,0.6294521581,0.6294521581,0.6294521581,62.3861,4.6134,50.6852,4.9520,87.3269,3.1102
5,0,2,4,36,addsug,127,38.920008,2.592414,8.02348,10.50986,20.138619189,add,1,-2.304777382,0.187656049,-0.806672084,-0.576194345,-1.152388691,0.0656796172,0.0469140123,0.0938280245,38.113335603,38.343813342,37.767618996,2.594111748,2.594111748,2.594111748,62.3861,4.6134,50.6852,4.9520,87.3269,3.1102
5,0,2,4,36,rfg,127,120.822268,2.910193,4.05506,4.46856,30.777683757,rfg,1,-5.389503228,0.2892047643,-1.88632613,-1.347375807,-2.694751614,0.1012216675,0.0723011911,0.1446023822,118.93594204,119.47489236,118.12751655,2.9137834079,2.9137834079,2.9137834079,62.3861,4.6134,50.6852,4.9520,87.3269,3.1102
5,0,2,4,36,sodium,127,2849.236262,40.009524,2768.65294,2929.81958,525.97439182,sod,1,-122.7955562,8.0648229946,-42.97844467,-30.69888905,-61.39777811,2.8226880481,2.0162057486,4.0324114973,2806.2578176,2818.5373732,2787.8384841,40.212216424,40.212216424,40.212216424,62.3861,4.6134,50.6852,4.9520,87.3269,3.1102
5,0,2,4,36,wg,127,32.450409,1.829312,1.01467,1.27460,18.06220216,wg,1,5.3895032283,0.2892047643,1.8863261299,1.3473758071,2.6947516141,0.1012216675,0.0723011911,0.1446023822,34.336735144,33.797784821,35.145160628,1.8350186229,1.8350186229,1.8350186229,62.3861,4.6134,50.6852,4.9520,87.3269,3.1102
5,0,2,4,36,GLrice,127,4.759189,0.114633,4.05506,4.46856,1.2123329632,rfg,1,-5.389503228,0.2892047643,-1.88632613,-1.347375807,-2.694751614,0.1012216675,0.0723011911,0.1446023822,4.6848867568,4.7061160101,4.653042877,0.1845276685,0.1845276685,0.1845276685,62.3861,4.6134,50.6852,4.9520,87.3269,3.1102
5,1,1,1,37,GLwheat,419,32.117272,0.556179,5.19398,5.56939,8.1621768185,rfg,2,-4.519442718,0.2410083999,-1.581804951,-1.129860679,-2.259721359,0.0843529399,0.0602521,0.1205041999,31.784290554,31.879428212,31.641584065,0.5690839103,0.5690839103,0.5690839103,84.3157,2.2496,43.1533,3.3957,78.5501,2.2068
5,1,1,1,37,addsug,419,66.038757,2.014390,14.75752,16.68951,30.100669763,add,2,-1.920248095,0.1559372405,-0.672086833,-0.480062024,-0.960124048,0.0545780342,0.0389843101,0.0779686202,65.366670398,65.558695207,65.078633183,2.0158981335,2.0158981335,2.0158981335,84.3157,2.2496,43.1533,3.3957,78.5501,2.2068
5,1,1,1,37,rfg,419,152.570680,2.642087,5.19398,5.56939,38.773805297,rfg,2,-4.519442718,0.2410083999,-1.581804951,-1.129860679,-2.259721359,0.0843529399,0.0602521,0.1205041999,150.98887476,151.44081903,150.31095835,2.644833686,2.644833686,2.644833686,84.3157,2.2496,43.1533,3.3957,78.5501,2.2068
5,1,1,1,37,sodium,419,3727.986063,41.741877,3643.91361,3812.05852,646.95189159,sod,2,-103.4824467,6.7033608833,-36.21885635,-25.87061168,-51.74122336,2.3461763091,1.6758402208,3.3516804416,3691.7672066,3702.1154513,3676.2448396,41.876223447,41.876223447,41.876223447,84.3157,2.2496,43.1533,3.3957,78.5501,2.2068
5,1,1,1,37,wg,419,37.233743,1.488455,1.20761,1.41911,20.576707083,wg,2,4.5194427178,0.2410083999,1.5818049512,1.1298606794,2.2597213589,0.0843529399,0.0602521,0.1205041999,38.815547698,38.363603426,39.493464106,1.4933245982,1.4933245982,1.4933245982,84.3157,2.2496,43.1533,3.3957,78.5501,2.2068
5,1,1,1,37,GLrice,419,6.009759,0.104072,5.19398,5.56939,1.5273001906,rfg,2,-4.519442718,0.2410083999,-1.581804951,-1.129860679,-2.259721359,0.0843529399,0.0602521,0.1205041999,5.9474517768,5.9652538617,5.9207486495,0.1592237532,0.1592237532,0.1592237532,84.3157,2.2496,43.1533,3.3957,78.5501,2.2068
5,1,1,2,38,GLwheat,238,29.308981,0.572002,4.71807,5.10416,8.626461093,rfg,2,-8.466514039,0.421313497,-2.963279914,-2.11662851,-4.233257019,0.147459724,0.1053283743,0.2106567485,28.685188346,28.863414817,28.417848641,0.6095589408,0.6095589408,0.6095589408,71.4472,3.2897,58.4441,3.4425,85.8064,2.3296
5,1,1,2,38,addsug,238,67.463852,2.412342,14.90599,17.21966,35.64467702,add,2,-3.221422542,0.2554139697,-1.12749789,-0.805355636,-1.610711271,0.0893948894,0.0638534924,0.1277069848,66.336354036,66.65849629,65.853140655,2.4157200601,2.4157200601,2.4157200601,71.4472,3.2897,58.4441,3.4425,85.8064,2.3296
5,1,1,2,38,rfg,238,139.230103,2.717250,4.71807,5.10416,40.979352721,rfg,2,-8.466514039,0.421313497,-2.963279914,-2.11662851,-4.233257019,0.147459724,0.1053283743,0.2106567485,136.26682349,137.1134749,134.99684639,2.7254039036,2.7254039036,2.7254039036,71.4472,3.2897,58.4441,3.4425,85.8064,2.3296
5,1,1,2,38,sodium,238,3257.501034,46.168152,3164.51360,3350.48846,687.04394635,sod,2,-209.2665821,11.047651898,-73.24330374,-52.31664553,-104.6332911,3.8666781644,2.7619129746,5.5238259492,3184.2577302,3205.1843884,3152.8677428,46.497428679,46.497428679,46.497428679,71.4472,3.2897,58.4441,3.4425,85.8064,2.3296
5,1,1,2,38,wg,238,28.414526,1.210245,0.91630,1.08826,16.366265564,wg,2,8.4665140386,0.421313497,2.9632799135,2.1166285097,4.2332570193,0.147459724,0.1053283743,0.2106567485,31.377805684,30.53115428,32.64778279,1.2284419911,1.2284419911,1.2284419911,71.4472,3.2897,58.4441,3.4425,85.8064,2.3296
5,1,1,2,38,GLrice,238,5.484274,0.107032,4.71807,5.10416,1.6141767037,rfg,2,-8.466514039,0.421313497,-2.963279914,-2.11662851,-4.233257019,0.147459724,0.1053283743,0.2106567485,5.3675501773,5.4008997761,5.3175257792,0.2362884275,0.2362884275,0.2362884275,71.4472,3.2897,58.4441,3.4425,85.8064,2.3296
5,1,1,3,39,GLwheat,244,37.410283,0.839522,5.98527,6.55193,10.915179791,rfg,2,-7.974535359,0.399735629,-2.791087376,-1.99363384,-3.987267679,0.1399074702,0.0999339073,0.1998678145,36.822738448,36.990608399,36.570933523,0.8629859925,0.8629859925,0.8629859925,84.4889,2.5965,55.3975,3.1629,80.5498,2.2449
5,1,1,3,39,addsug,244,54.109694,2.705563,11.58581,14.18071,27.952498574,add,2,-3.096634116,0.2457566425,-1.083821941,-0.774158529,-1.548317058,0.0860148249,0.0614391606,0.1228783213,53.0258724,53.335535812,52.561377283,2.7083519396,2.7083519396,2.7083519396,84.4889,2.5965,55.3975,3.1629,80.5498,2.2449
5,1,1,3,39,rfg,244,177.714729,3.988087,5.98527,6.55193,51.851738257,rfg,2,-7.974535359,0.399735629,-2.791087376,-1.99363384,-3.987267679,0.1399074702,0.0999339073,0.1998678145,174.92364143,175.72109497,173.72746113,3.9930924932,3.9930924932,3.9930924932,84.4889,2.5965,55.3975,3.1629,80.5498,2.2449
5,1,1,3,39,sodium,244,3428.600466,65.943435,3295.78357,3561.41736,758.45004327,sod,2,-194.5483988,10.615136887,-68.09193958,-48.6370997,-97.27419941,3.7152979105,2.6537842218,5.3075684436,3360.5085269,3379.9633668,3331.3262671,66.156684126,66.156684126,66.156684126,84.4889,2.5965,55.3975,3.1629,80.5498,2.2449
5,1,1,3,39,wg,244,25.984447,1.465708,0.81243,1.02069,16.687881046,wg,2,7.974535359,0.399735629,2.7910873756,1.9936338397,3.9872676795,0.1399074702,0.0999339073,0.1998678145,28.775534866,27.97808133,29.97171517,1.4792728038,1.4792728038,1.4792728038,84.4889,2.5965,55.3975,3.1629,80.5498,2.2449
5,1,1,3,39,GLrice,244,7.000183,0.157091,5.98527,6.55193,2.04243997,rfg,2,-7.974535359,0.399735629,-2.791087376,-1.99363384,-3.987267679,0.1399074702,0.0999339073,0.1998678145,6.8902422359,6.9216539307,6.8431246938,0.2542137881,0.2542137881,0.2542137881,84.4889,2.5965,55.3975,3.1629,80.5498,2.2449
5,1,1,4,40,GLwheat,119,34.394490,1.467475,5.26800,6.25852,8.985560092,rfg,2,-5.389503228,0.2892047643,-1.88632613,-1.347375807,-2.694751614,0.1012216675,0.0723011911,0.1446023822,33.997404642,34.110857727,33.827225015,1.4745822633,1.4745822633,1.4745822633,53.3304,5.5150,50.6098,5.5082,79.3601,4.7199
5,1,1,4,40,addsug,119,55.088432,4.783284,10.82248,15.41011,27.652107532,add,2,-2.304777382,0.187656049,-0.806672084,-0.576194345,-1.152388691,0.0656796172,0.0469140123,0.0938280245,54.28176024,54.512237979,53.936043633,4.784204043,4.784204043,4.784204043,53.3304,5.5150,50.6098,5.5082,79.3601,4.7199
5,1,1,4,40,rfg,119,163.388432,6.971129,5.26800,6.25852,42.685225429,rfg,2,-5.389503228,0.2892047643,-1.88632613,-1.347375807,-2.694751614,0.1012216675,0.0723011911,0.1446023822,161.5021063,162.04105662,160.69368082,6.9726290843,6.9726290843,6.9726290843,53.3304,5.5150,50.6098,5.5082,79.3601,4.7199
5,1,1,4,40,sodium,119,3741.944888,85.912415,3568.90840,3914.98137,762.39423638,sod,2,-122.7955562,8.0648229946,-42.97844467,-30.69888905,-61.39777811,2.8226880481,2.0162057486,4.0324114973,3698.9664432,3711.2459989,3680.5471098,86.006996375,86.006996375,86.006996375,53.3304,5.5150,50.6098,5.5082,79.3601,4.7199
5,1,1,4,40,wg,119,46.051600,2.496610,1.44703,1.80176,24.363068773,wg,2,5.3895032283,0.2892047643,1.8863261299,1.3473758071,2.6947516141,0.1012216675,0.0723011911,0.1446023822,47.937926058,47.398975735,48.746351542,2.5007937507,2.5007937507,2.5007937507,53.3304,5.5150,50.6098,5.5082,79.3601,4.7199
5,1,1,4,40,GLrice,119,6.435870,0.274593,5.26800,6.25852,1.6813710296,rfg,2,-5.389503228,0.2892047643,-1.88632613,-1.347375807,-2.694751614,0.1012216675,0.0723011911,0.1446023822,6.3615679672,6.3827972204,6.3297240874,0.3103402162,0.3103402162,0.3103402162,53.3304,5.5150,50.6098,5.5082,79.3601,4.7199
6,0,2,1,41,GLwheat,474,24.127629,0.383941,3.91333,4.17249,5.8598382814,rfg,1,-4.519442718,0.2410083999,-1.581804951,-1.129860679,-2.259721359,0.0843529399,0.0602521,0.1205041999,23.794647079,23.889784738,23.651940591,0.4024075891,0.4024075891,0.4024075891,68.4304,2.0740,62.8705,2.1503,83.0159,1.9017
6,0,2,1,41,addsug,474,54.489254,1.279843,12.35989,13.58738,22.393967345,add,1,-1.920248095,0.1559372405,-0.672086833,-0.480062024,-0.960124048,0.0545780342,0.0389843101,0.0779686202,53.817167281,54.00919209,53.529130066,1.2822153357,1.2822153357,1.2822153357,68.4304,2.0740,62.8705,2.1503,83.0159,1.9017
6,0,2,1,41,rfg,474,114.616481,1.823882,3.91333,4.17249,27.836719744,rfg,1,-4.519442718,0.2410083999,-1.581804951,-1.129860679,-2.259721359,0.0843529399,0.0602521,0.1205041999,113.0346761,113.48662037,112.35675969,1.8278587595,1.8278587595,1.8278587595,68.4304,2.0740,62.8705,2.1503,83.0159,1.9017
6,0,2,1,41,sodium,474,2638.192635,31.496957,2574.75451,2701.63076,466.18677734,sod,1,-103.4824467,6.7033608833,-36.21885635,-25.87061168,-51.74122336,2.3461763091,1.6758402208,3.3516804416,2601.9737782,2612.3220229,2586.4514112,31.674785706,31.674785706,31.674785706,68.4304,2.0740,62.8705,2.1503,83.0159,1.9017
6,0,2,1,41,wg,474,29.154993,0.857915,0.96744,1.08934,14.77138322,wg,1,4.5194427178,0.2410083999,1.5818049512,1.1298606794,2.2597213589,0.0843529399,0.0602521,0.1205041999,30.736797611,30.28485334,31.414714019,0.8663370719,0.8663370719,0.8663370719,68.4304,2.0740,62.8705,2.1503,83.0159,1.9017
6,0,2,1,41,GLrice,474,4.514743,0.071843,3.91333,4.17249,1.0964883907,rfg,1,-4.519442718,0.2410083999,-1.581804951,-1.129860679,-2.259721359,0.0843529399,0.0602521,0.1205041999,4.4524358915,4.4702379764,4.4257327642,0.140294828,0.140294828,0.140294828,68.4304,2.0740,62.8705,2.1503,83.0159,1.9017
6,0,2,2,42,GLwheat,123,21.799719,0.641847,3.43622,3.86945,5.8997510927,rfg,1,-8.466514039,0.421313497,-2.963279914,-2.11662851,-4.233257019,0.147459724,0.1053283743,0.2106567485,21.175925949,21.35415242,20.908586244,0.6755325876,0.6755325876,0.6755325876,77.9986,3.8056,69.6207,4.3044,85.4465,3.3237
6,0,2,2,42,addsug,123,51.505771,2.402223,11.11130,13.41526,22.30760134,add,1,-3.221422542,0.2554139697,-1.12749789,-0.805355636,-1.610711271,0.0893948894,0.0638534924,0.1277069848,50.378273208,50.700415462,49.895059827,2.4056147969,2.4056147969,2.4056147969,77.9986,3.8056,69.6207,4.3044,85.4465,3.3237
6,0,2,2,42,rfg,123,103.557919,3.049047,3.43622,3.86945,28.026322543,rfg,1,-8.466514039,0.421313497,-2.963279914,-2.11662851,-4.233257019,0.147459724,0.1053283743,0.2106567485,100.59463891,101.44129031,99.3246618,3.056315793,3.056315793,3.056315793,77.9986,3.8056,69.6207,4.3044,85.4465,3.3237
6,0,2,2,42,sodium,123,2419.559376,54.343158,2310.10664,2529.01211,469.62033542,sod,1,-209.2665821,11.047651898,-73.24330374,-52.31664553,-104.6332911,3.8666781644,2.7619129746,5.5238259492,2346.3160723,2367.2427305,2314.9260849,54.623176721,54.623176721,54.623176721,77.9986,3.8056,69.6207,4.3044,85.4465,3.3237
6,0,2,2,42,wg,123,27.198307,1.597291,0.84590,1.07285,15.899634375,wg,1,8.4665140386,0.421313497,2.9632799135,2.1166285097,4.2332570193,0.147459724,0.1053283743,0.2106567485,30.161587029,29.314935625,31.431564134,1.6111221361,1.6111221361,1.6111221361,77.9986,3.8056,69.6207,4.3044,85.4465,3.3237
6,0,2,2,42,GLrice,123,4.079146,0.120102,3.43622,3.86945,1.103956845,rfg,1,-8.466514039,0.421313497,-2.963279914,-2.11662851,-4.233257019,0.147459724,0.1053283743,0.2106567485,3.9624228265,3.9957724253,3.9123984283,0.2424886605,0.2424886605,0.2424886605,77.9986,3.8056,69.6207,4.3044,85.4465,3.3237
6,0,2,3,43,GLwheat,105,29.140340,0.743385,4.63197,5.13374,6.8103013342,rfg,1,-7.974535359,0.399735629,-2.791087376,-1.99363384,-3.987267679,0.1399074702,0.0999339073,0.1998678145,28.552794939,28.720664889,28.300990014,0.769784675,0.769784675,0.769784675,80.1350,4.0061,64.0369,4.6781,83.3982,3.6775
6,0,2,3,43,addsug,105,43.554779,1.962971,9.42885,11.31152,23.126000716,add,1,-3.096634116,0.2457566425,-1.083821941,-0.774158529,-1.548317058,0.0860148249,0.0614391606,0.1228783213,42.470956963,42.780620375,42.006461846,1.9668128889,1.9668128889,1.9668128889,80.1350,4.0061,64.0369,4.6781,83.3982,3.6775
6,0,2,3,43,rfg,105,138.428986,3.531395,4.63197,5.13374,32.351822782,rfg,1,-7.974535359,0.399735629,-2.791087376,-1.99363384,-3.987267679,0.1399074702,0.0999339073,0.1998678145,135.6378986,136.43535213,134.44171829,3.5370459891,3.5370459891,3.5370459891,80.1350,4.0061,64.0369,4.6781,83.3982,3.6775
6,0,2,3,43,sodium,105,2440.447328,37.783944,2364.34656,2516.54810,495.4096141,sod,1,-194.5483988,10.615136887,-68.09193958,-48.6370997,-97.27419941,3.7152979105,2.6537842218,5.3075684436,2372.3553885,2391.8102283,2343.1731286,38.154904586,38.154904586,38.154904586,80.1350,4.0061,64.0369,4.6781,83.3982,3.6775
6,0,2,3,43,wg,105,20.864856,1.379160,0.63799,0.83396,12.707359072,wg,1,7.974535359,0.399735629,2.7910873756,1.9936338397,3.9872676795,0.1399074702,0.0999339073,0.1998678145,23.65594351,22.858489974,24.852123814,1.3935672262,1.3935672262,1.3935672262,80.1350,4.0061,64.0369,4.6781,83.3982,3.6775
6,0,2,3,43,GLrice,105,5.452718,0.139102,4.63197,5.13374,1.2743382994,rfg,1,-7.974535359,0.399735629,-2.791087376,-1.99363384,-3.987267679,0.1399074702,0.0999339073,0.1998678145,5.3427768257,5.3741885205,5.2956592836,0.2435085351,0.2435085351,0.2435085351,80.1350,4.0061,64.0369,4.6781,83.3982,3.6775
6,0,2,4,44,GLwheat,56,26.498848,1.000646,4.10253,4.77795,6.1856430526,rfg,1,-5.389503228,0.2892047643,-1.88632613,-1.347375807,-2.694751614,0.1012216675,0.0723011911,0.1446023822,26.101762464,26.215215549,25.931582836,1.0110399374,1.0110399374,1.0110399374,53.0675,4.7253,71.1174,5.2831,92.6570,3.1885
6,0,2,4,44,addsug,56,46.348514,4.044958,9.09561,12.97511,26.17166024,add,1,-2.304777382,0.187656049,-0.806672084,-0.576194345,-1.152388691,0.0656796172,0.0469140123,0.0938280245,45.541841754,45.772319493,45.196125147,4.046046234,4.046046234,4.046046234,53.0675,4.7253,71.1174,5.2831,92.6570,3.1885
6,0,2,4,44,rfg,56,125.880780,4.753492,4.10253,4.77795,29.384430733,rfg,1,-5.389503228,0.2892047643,-1.88632613,-1.347375807,-2.694751614,0.1012216675,0.0723011911,0.1446023822,123.99445371,124.53340403,123.18602822,4.7556910409,4.7556910409,4.7556910409,53.0675,4.7253,71.1174,5.2831,92.6570,3.1885
6,0,2,4,44,sodium,56,2903.878267,116.491483,2669.25238,3138.50416,745.53575666,sod,1,-122.7955562,8.0648229946,-42.97844467,-30.69888905,-61.39777811,2.8226880481,2.0162057486,4.0324114973,2860.8998227,2873.1793783,2842.4804892,116.56125361,116.56125361,116.56125361,53.0675,4.7253,71.1174,5.2831,92.6570,3.1885
6,0,2,4,44,wg,56,28.845662,1.970469,0.87749,1.15747,14.831057167,wg,1,5.3895032283,0.2892047643,1.8863261299,1.3473758071,2.6947516141,0.1012216675,0.0723011911,0.1446023822,30.731987809,30.193037486,31.540413293,1.9757677136,1.9757677136,1.9757677136,53.0675,4.7253,71.1174,5.2831,92.6570,3.1885
6,0,2,4,44,GLrice,56,4.958444,0.187240,4.10253,4.77795,1.1574527266,rfg,1,-5.389503228,0.2892047643,-1.88632613,-1.347375807,-2.694751614,0.1012216675,0.0723011911,0.1446023822,4.8841415315,4.9053707847,4.8522976517,0.2365770216,0.2365770216,0.2365770216,53.0675,4.7253,71.1174,5.2831,92.6570,3.1885
6,1,1,1,45,GLwheat,488,30.634124,0.430501,4.98787,5.27845,7.5337113584,rfg,2,-4.519442718,0.2410083999,-1.581804951,-1.129860679,-2.259721359,0.0843529399,0.0602521,0.1205041999,30.301142375,30.396280033,30.158435886,0.4470482166,0.4470482166,0.4470482166,76.3019,2.2612,52.1175,2.3580,79.6868,2.1813
6,1,1,1,45,addsug,488,65.512586,1.618914,14.82189,16.37458,28.17796977,add,2,-1.920248095,0.1559372405,-0.672086833,-0.480062024,-0.960124048,0.0545780342,0.0389843101,0.0779686202,64.840498813,65.032523622,64.552461598,1.6207904954,1.6207904954,1.6207904954,76.3019,2.2612,52.1175,2.3580,79.6868,2.1813
6,1,1,1,45,rfg,488,145.525096,2.045061,4.98787,5.27845,35.788327534,rfg,2,-4.519442718,0.2410083999,-1.581804951,-1.129860679,-2.259721359,0.0843529399,0.0602521,0.1205041999,143.94329121,144.39523548,143.2653748,2.0486083127,2.0486083127,2.0486083127,76.3019,2.2612,52.1175,2.3580,79.6868,2.1813
6,1,1,1,45,sodium,488,3498.477547,27.608795,3442.87058,3554.08451,626.83686319,sod,2,-103.4824467,6.7033608833,-36.21885635,-25.87061168,-51.74122336,2.3461763091,1.6758402208,3.3516804416,3462.2586902,3472.6069348,3446.7363232,27.811496622,27.811496622,27.811496622,76.3019,2.2612,52.1175,2.3580,79.6868,2.1813
6,1,1,1,45,wg,488,36.367338,0.921293,1.21735,1.34825,17.573704591,wg,2,4.5194427178,0.2410083999,1.5818049512,1.1298606794,2.2597213589,0.0843529399,0.0602521,0.1205041999,37.949143225,37.497198953,38.627059633,0.9291409784,0.9291409784,0.9291409784,76.3019,2.2612,52.1175,2.3580,79.6868,2.1813
6,1,1,1,45,GLrice,488,5.732234,0.080555,4.98787,5.27845,1.4097022216,rfg,2,-4.519442718,0.2410083999,-1.581804951,-1.129860679,-2.259721359,0.0843529399,0.0602521,0.1205041999,5.6699262408,5.6877283257,5.6432231135,0.1449495189,0.1449495189,0.1449495189,76.3019,2.2612,52.1175,2.3580,79.6868,2.1813
6,1,1,2,46,GLwheat,116,27.293324,0.839505,4.29004,4.85669,7.4992767785,rfg,2,-8.466514039,0.421313497,-2.963279914,-2.11662851,-4.233257019,0.147459724,0.1053283743,0.2106567485,26.66953155,26.847758021,26.402191845,0.8655313274,0.8655313274,0.8655313274,59.0032,5.0660,60.6502,4.3852,82.3967,3.5598
6,1,1,2,46,addsug,116,60.855111,2.749455,13.17082,15.80781,28.081458236,add,2,-3.221422542,0.2554139697,-1.12749789,-0.805355636,-1.610711271,0.0893948894,0.0638534924,0.1277069848,59.727613164,60.049755418,59.244399783,2.7524194432,2.7524194432,2.7524194432,59.0032,5.0660,60.6502,4.3852,82.3967,3.5598
6,1,1,2,46,rfg,116,129.654878,3.988004,4.29004,4.85669,35.62474866,rfg,2,-8.466514039,0.421313497,-2.963279914,-2.11662851,-4.233257019,0.147459724,0.1053283743,0.2106567485,126.69159793,127.53824933,125.42162082,3.9935637988,3.9935637988,3.9935637988,59.0032,5.0660,60.6502,4.3852,82.3967,3.5598
6,1,1,2,46,sodium,116,3094.327374,72.197135,2948.91488,3239.73987,594.15040732,sod,2,-209.2665821,11.047651898,-73.24330374,-52.31664553,-104.6332911,3.8666781644,2.7619129746,5.5238259492,3021.0840701,3042.0107283,2989.6940828,72.408141512,72.408141512,72.408141512,59.0032,5.0660,60.6502,4.3852,82.3967,3.5598
6,1,1,2,46,wg,116,32.375765,1.869364,1.00919,1.27481,18.996213575,wg,2,8.4665140386,0.421313497,2.9632799135,2.1166285097,4.2332570193,0.147459724,0.1053283743,0.2106567485,35.339045256,34.492393852,36.609022362,1.8811959808,1.8811959808,1.8811959808,59.0032,5.0660,60.6502,4.3852,82.3967,3.5598
6,1,1,2,46,GLrice,116,5.107106,0.157087,4.29004,4.85669,1.4032588497,rfg,2,-8.466514039,0.421313497,-2.963279914,-2.11662851,-4.233257019,0.147459724,0.1053283743,0.2106567485,4.9903820423,5.0237316411,4.9403576442,0.2627788818,0.2627788818,0.2627788818,59.0032,5.0660,60.6502,4.3852,82.3967,3.5598
6,1,1,3,47,GLwheat,81,35.623590,0.934978,5.65367,6.28476,8.4671164012,rfg,2,-7.974535359,0.399735629,-2.791087376,-1.99363384,-3.987267679,0.1399074702,0.0999339073,0.1998678145,35.036045141,35.203915091,34.784240216,0.9561022694,0.9561022694,0.9561022694,70.6153,5.0413,64.7896,4.8095,80.7494,3.7630
6,1,1,3,47,addsug,81,53.783122,3.940326,10.91593,14.69508,27.645427709,add,2,-3.096634116,0.2457566425,-1.083821941,-0.774158529,-1.548317058,0.0860148249,0.0614391606,0.1228783213,52.699299688,53.0089631,52.234804571,3.9422413572,3.9422413572,3.9422413572,70.6153,5.0413,64.7896,4.8095,80.7494,3.7630
6,1,1,3,47,rfg,81,169.227177,4.441544,5.65367,6.28476,40.222397782,rfg,2,-7.974535359,0.399735629,-2.791087376,-1.99363384,-3.987267679,0.1399074702,0.0999339073,0.1998678145,166.43608965,167.23354318,165.23990934,4.4460385636,4.4460385636,4.4460385636,70.6153,5.0413,64.7896,4.8095,80.7494,3.7630
6,1,1,3,47,sodium,81,3124.845513,60.978166,3002.02918,3247.66184,572.40345219,sod,2,-194.5483988,10.615136887,-68.09193958,-48.6370997,-97.27419941,3.7152979105,2.6537842218,5.3075684436,3056.7535736,3076.2084134,3027.5713137,61.208717136,61.208717136,61.208717136,70.6153,5.0413,64.7896,4.8095,80.7494,3.7630
6,1,1,3,47,wg,81,25.259558,2.268476,0.72983,1.05215,17.402050437,wg,2,7.974535359,0.399735629,2.7910873756,1.9936338397,3.9872676795,0.1399074702,0.0999339073,0.1998678145,28.050645279,27.253191743,29.246825583,2.2772642517,2.2772642517,2.2772642517,70.6153,5.0413,64.7896,4.8095,80.7494,3.7630
6,1,1,3,47,GLrice,81,6.665859,0.174952,5.65367,6.28476,1.5843602487,rfg,2,-7.974535359,0.399735629,-2.791087376,-1.99363384,-3.987267679,0.1399074702,0.0999339073,0.1998678145,6.5559175712,6.5873292659,6.508800029,0.2656228338,0.2656228338,0.2656228338,70.6153,5.0413,64.7896,4.8095,80.7494,3.7630
6,1,1,4,48,GLwheat,47,32.476382,1.042592,5.08999,5.79372,7.6931973094,rfg,2,-5.389503228,0.2892047643,-1.88632613,-1.347375807,-2.694751614,0.1012216675,0.0723011911,0.1446023822,32.079296229,32.192749314,31.909116601,1.0525721767,1.0525721767,1.0525721767,49.7906,6.9811,73.3383,6.3717,83.5154,5.8898
6,1,1,4,48,addsug,47,45.319685,4.567838,8.59990,12.98090,30.311841068,add,2,-2.304777382,0.187656049,-0.806672084,-0.576194345,-1.152388691,0.0656796172,0.0469140123,0.0938280245,44.513012516,44.743490255,44.167295909,4.5688018604,4.5688018604,4.5688018604,49.7906,6.9811,73.3383,6.3717,83.5154,5.8898
6,1,1,4,48,rfg,47,154.276603,4.952755,5.08999,5.79372,36.545953514,rfg,2,-5.389503228,0.2892047643,-1.88632613,-1.347375807,-2.694751614,0.1012216675,0.0723011911,0.1446023822,152.39027697,152.92922729,151.58185148,4.9548657254,4.9548657254,4.9548657254,49.7906,6.9811,73.3383,6.3717,83.5154,5.8898
6,1,1,4,48,sodium,47,3660.226947,130.803550,3396.77507,3923.67882,945.24749618,sod,2,-122.7955562,8.0648229946,-42.97844467,-30.69888905,-61.39777811,2.8226880481,2.0162057486,4.0324114973,3617.2485025,3629.5280581,3598.829169,130.86569085,130.86569085,130.86569085,49.7906,6.9811,73.3383,6.3717,83.5154,5.8898
6,1,1,4,48,wg,47,43.608121,2.852105,1.33558,1.74083,19.780823312,wg,2,5.3895032283,0.2892047643,1.8863261299,1.3473758071,2.6947516141,0.1012216675,0.0723011911,0.1446023822,45.494446782,44.955496459,46.302872266,2.8557681283,2.8557681283,2.8557681283,49.7906,6.9811,73.3383,6.3717,83.5154,5.8898
6,1,1,4,48,GLrice,47,6.076955,0.195089,5.08999,5.79372,1.4395451089,rfg,2,-5.389503228,0.2892047643,-1.88632613,-1.347375807,-2.694751614,0.1012216675,0.0723011911,0.1446023822,6.0026530097,6.0238822629,5.9708091299,0.2428365257,0.2428365257,0.2428365257,49.7906,6.9811,73.3383,6.3717,83.5154,5.8898
